-- phpMyAdmin SQL Dump
-- version 3.5.3
-- http://www.phpmyadmin.net
--
-- Host: localhost
-- Generation Time: Jan 15, 2014 at 05:57 PM
-- Server version: 5.5.28
-- PHP Version: 5.3.18

SET SQL_MODE="NO_AUTO_VALUE_ON_ZERO";
SET time_zone = "+00:00";


/*!40101 SET @OLD_CHARACTER_SET_CLIENT=@@CHARACTER_SET_CLIENT */;
/*!40101 SET @OLD_CHARACTER_SET_RESULTS=@@CHARACTER_SET_RESULTS */;
/*!40101 SET @OLD_COLLATION_CONNECTION=@@COLLATION_CONNECTION */;
/*!40101 SET NAMES utf8 */;

--
-- Database: `demoihb_nigaoe`
--

-- --------------------------------------------------------

--
-- Table structure for table `authassignment`
--

CREATE TABLE IF NOT EXISTS `authassignment` (
  `itemname` varchar(64) CHARACTER SET utf8 COLLATE utf8_unicode_ci NOT NULL,
  `userid` int(64) NOT NULL,
  `bizrule` text CHARACTER SET utf8 COLLATE utf8_unicode_ci,
  `data` text CHARACTER SET utf8 COLLATE utf8_unicode_ci,
  PRIMARY KEY (`itemname`,`userid`),
  KEY `userid` (`userid`)
) ENGINE=InnoDB DEFAULT CHARSET=utf8;

--
-- Dumping data for table `authassignment`
--

INSERT INTO `authassignment` (`itemname`, `userid`, `bizrule`, `data`) VALUES
('Manager', 1, NULL, 'N;');

-- --------------------------------------------------------

--
-- Table structure for table `authitem`
--

CREATE TABLE IF NOT EXISTS `authitem` (
  `name` varchar(64) CHARACTER SET utf8 COLLATE utf8_unicode_ci NOT NULL,
  `type` int(11) NOT NULL,
  `description` text CHARACTER SET utf8 COLLATE utf8_unicode_ci,
  `bizrule` text CHARACTER SET utf8 COLLATE utf8_unicode_ci,
  `data` text CHARACTER SET utf8 COLLATE utf8_unicode_ci,
  PRIMARY KEY (`name`,`type`)
) ENGINE=InnoDB DEFAULT CHARSET=utf8;

--
-- Dumping data for table `authitem`
--

INSERT INTO `authitem` (`name`, `type`, `description`, `bizrule`, `data`) VALUES
('Advisor Manager', 2, NULL, NULL, NULL),
('advisor_autoSave', 0, NULL, NULL, NULL),
('advisor_checkbox', 0, NULL, NULL, NULL),
('advisor_copy', 0, NULL, NULL, NULL),
('advisor_create', 0, NULL, NULL, NULL),
('advisor_delete', 0, NULL, NULL, NULL),
('advisor_edit', 0, NULL, NULL, NULL),
('advisor_index', 0, NULL, NULL, NULL),
('advisor_reverseHome', 0, NULL, NULL, NULL),
('advisor_reverseNew', 0, NULL, NULL, NULL),
('advisor_reverseStatus', 0, NULL, NULL, NULL),
('advisor_suggestTitle', 0, NULL, NULL, NULL),
('advisor_update', 0, NULL, NULL, NULL),
('advisor_updateSuggest', 0, NULL, NULL, NULL),
('advisorCategory_create', 0, NULL, NULL, NULL),
('advisorCategory_delete', 0, NULL, NULL, NULL),
('advisorCategory_index', 0, NULL, NULL, NULL),
('advisorCategory_update', 0, NULL, NULL, NULL),
('advisorCategory_updateListOrderView', 0, NULL, NULL, NULL),
('advisorCategory_validate', 0, NULL, NULL, NULL),
('advisorCategory_write', 0, NULL, NULL, NULL),
('Album Manager', 2, NULL, NULL, NULL),
('album_checkbox', 0, '', '', ''),
('album_copy', 0, '', '', ''),
('album_create', 0, NULL, NULL, NULL),
('album_delete', 0, NULL, NULL, NULL),
('album_edit', 0, NULL, NULL, NULL),
('album_index', 0, NULL, NULL, NULL),
('album_reverseHome', 0, NULL, NULL, NULL),
('album_reverseNew', 0, NULL, NULL, NULL),
('album_reverseStatus', 0, NULL, NULL, NULL),
('album_suggestName', 0, NULL, NULL, NULL),
('album_update', 0, NULL, NULL, NULL),
('album_updateSuggest', 0, NULL, NULL, NULL),
('albumCategory_create', 0, NULL, NULL, NULL),
('albumCategory_delete', 0, NULL, NULL, NULL),
('albumCategory_index', 0, NULL, NULL, NULL),
('albumCategory_update', 0, NULL, NULL, NULL),
('albumCategory_updateListOrderView', 0, NULL, NULL, NULL),
('albumCategory_validate', 0, NULL, NULL, NULL),
('albumCategory_write', 0, NULL, NULL, NULL),
('Audio Manager', 2, NULL, NULL, NULL),
('audio_checkbox', 0, '', '', ''),
('audio_create', 0, '', '', ''),
('audio_delete', 0, '', '', ''),
('audio_edit', 0, '', '', ''),
('audio_index', 0, '', '', ''),
('audio_reverseStatus', 0, '', '', ''),
('audio_suggestName', 0, '', '', ''),
('audio_update', 0, '', '', ''),
('audioCategory_create', 0, '', '', ''),
('audioCategory_delete', 0, '', '', ''),
('audioCategory_index', 0, '', '', ''),
('audioCategory_update', 0, '', '', ''),
('audioCategory_updateListOrderView', 0, '', '', ''),
('audioCategory_validate', 0, '', '', ''),
('audioCategory_write', 0, '', '', ''),
('banner_checkbox', 0, NULL, NULL, NULL),
('banner_copy', 0, NULL, NULL, NULL),
('banner_delete', 0, NULL, NULL, NULL),
('banner_edit', 0, NULL, NULL, NULL),
('banner_index', 0, NULL, NULL, NULL),
('banner_reverseStatus', 0, NULL, NULL, NULL),
('banner_suggestName', 0, NULL, NULL, NULL),
('banner_updateForm', 0, NULL, NULL, NULL),
('banner_write', 0, NULL, NULL, NULL),
('Booking Manager', 2, NULL, NULL, NULL),
('booking_autoSave', 0, NULL, NULL, NULL),
('booking_checkbox', 0, NULL, NULL, NULL),
('booking_copy', 0, NULL, NULL, NULL),
('booking_create', 0, NULL, NULL, NULL),
('booking_delete', 0, NULL, NULL, NULL),
('booking_edit', 0, NULL, NULL, NULL),
('booking_index', 0, NULL, NULL, NULL),
('booking_reverseHome', 0, NULL, NULL, NULL),
('booking_reverseNew', 0, NULL, NULL, NULL),
('booking_reverseStatus', 0, NULL, NULL, NULL),
('booking_suggestTitle', 0, NULL, NULL, NULL),
('booking_update', 0, NULL, NULL, NULL),
('booking_updateSuggest', 0, NULL, NULL, NULL),
('catalog_checkbox', 0, NULL, NULL, NULL),
('catalog_copy', 0, NULL, NULL, NULL),
('catalog_create', 0, NULL, NULL, NULL),
('catalog_delete', 0, NULL, NULL, NULL),
('catalog_edit', 0, NULL, NULL, NULL),
('catalog_index', 0, NULL, NULL, NULL),
('catalog_reverseHome', 0, NULL, NULL, NULL),
('catalog_reverseNew', 0, NULL, NULL, NULL),
('catalog_reverseStatus', 0, NULL, NULL, NULL),
('catalog_suggestName', 0, NULL, NULL, NULL),
('catalog_update', 0, NULL, NULL, NULL),
('catalogCategory_create', 0, NULL, NULL, NULL),
('catalogCategory_delete', 0, NULL, NULL, NULL),
('catalogCategory_index', 0, NULL, NULL, NULL),
('catalogCategory_update', 0, NULL, NULL, NULL),
('catalogCategory_updateListOrderView', 0, NULL, NULL, NULL),
('catalogCategory_validate', 0, NULL, NULL, NULL),
('catalogCategory_write', 0, NULL, NULL, NULL),
('City Manager', 2, NULL, NULL, NULL),
('city_copy', 0, '', '', ''),
('city_create', 0, '', '', ''),
('city_delete', 0, '', '', ''),
('city_edit', 0, '', '', ''),
('city_index', 0, '', '', ''),
('city_reverseStatus', 0, '', '', ''),
('city_suggestTitle', 0, '', '', ''),
('city_update', 0, '', '', ''),
('Comment Manager', 2, NULL, NULL, NULL),
('comment_checkbox', 0, NULL, NULL, NULL),
('comment_delete', 0, NULL, NULL, NULL),
('comment_index', 0, NULL, NULL, NULL),
('comment_reverseStatus', 0, NULL, NULL, NULL),
('Contact Manager', 2, NULL, NULL, NULL),
('contact_checkbox', 0, NULL, NULL, NULL),
('contact_delete', 0, NULL, NULL, NULL),
('contact_index', 0, NULL, NULL, NULL),
('contact_reverseStatus', 0, NULL, NULL, NULL),
('contact_sendEmail', 0, NULL, NULL, NULL),
('contact_updateForm', 0, NULL, NULL, NULL),
('contact_write', 0, NULL, NULL, NULL),
('Customer Manager', 2, NULL, NULL, NULL),
('customer_checkbox', 0, '', '', ''),
('customer_delete', 0, '', '', ''),
('customer_index', 0, '', '', ''),
('customer_resetPassword', 0, '', '', ''),
('customer_reverseStatus', 0, '', '', ''),
('customer_suggestEmail', 0, '', '', ''),
('customer_updateForm', 0, '', '', ''),
('customer_write', 0, '', '', ''),
('Document Manager', 2, NULL, NULL, NULL),
('document_checkbox', 0, '', '', ''),
('document_copy', 0, '', '', ''),
('document_create', 0, '', '', ''),
('document_delete', 0, '', '', ''),
('document_index', 0, '', '', ''),
('document_reverseHome', 0, '', '', ''),
('document_reverseNew', 0, '', '', ''),
('document_reverseStatus', 0, '', '', ''),
('document_suggestName', 0, '', '', ''),
('document_update', 0, '', '', ''),
('document_updateSuggest', 0, '', '', ''),
('documentCategory_create', 0, '', '', ''),
('documentCategory_delete', 0, '', '', ''),
('documentCategory_index', 0, '', '', ''),
('documentCategory_update', 0, '', '', ''),
('documentCategory_updateListOrderView', 0, '', '', ''),
('documentCategory_validate', 0, '', '', ''),
('documentCategory_write', 0, '', '', ''),
('embeddedVideo_checkbox', 0, '', '', ''),
('embeddedVideo_copy', 0, '', '', ''),
('embeddedVideo_create', 0, '', '', ''),
('embeddedVideo_delete', 0, '', '', ''),
('embeddedVideo_edit', 0, '', '', ''),
('embeddedVideo_index', 0, '', '', ''),
('embeddedVideo_reverseHome', 0, '', '', ''),
('embeddedVideo_reverseNew', 0, '', '', ''),
('embeddedVideo_reverseStatus', 0, '', '', ''),
('embeddedVideo_suggestName', 0, '', '', ''),
('embeddedVideo_update', 0, '', '', ''),
('embeddedVideo_updateSuggest', 0, '', '', ''),
('embeddedVideoCategory_create', 0, '', '', ''),
('embeddedVideoCategory_delete', 0, '', '', ''),
('embeddedVideoCategory_index', 0, '', '', ''),
('embeddedVideoCategory_update', 0, '', '', ''),
('embeddedVideoCategory_updateListOrderView', 0, '', '', ''),
('embeddedVideoCategory_validate', 0, '', '', ''),
('embeddedVideoCategory_write', 0, '', '', ''),
('Embeded Video Manager', 2, NULL, NULL, NULL),
('file_delete', 0, '', '', ''),
('file_upload', 0, NULL, NULL, NULL),
('help_index', 0, NULL, NULL, NULL),
('help_view', 0, NULL, NULL, NULL),
('Image Manager', 2, NULL, NULL, NULL),
('image_create', 0, '', '', ''),
('image_delete', 0, '', '', ''),
('image_edit', 0, '', '', ''),
('image_index', 0, '', '', ''),
('image_update', 0, '', '', ''),
('image_updateInfo', 0, '', '', ''),
('image_upload', 0, NULL, NULL, NULL),
('Intro manager', 2, NULL, NULL, NULL),
('intro_autoSave', 0, NULL, NULL, NULL),
('intro_checkbox', 0, NULL, NULL, NULL),
('intro_copy', 0, NULL, NULL, NULL),
('intro_create', 0, NULL, NULL, NULL),
('intro_delete', 0, NULL, NULL, NULL),
('intro_edit', 0, NULL, NULL, NULL),
('intro_index', 0, NULL, NULL, NULL),
('intro_reverseHome', 0, NULL, NULL, NULL),
('intro_reverseNew', 0, NULL, NULL, NULL),
('intro_reverseStatus', 0, NULL, NULL, NULL),
('intro_suggestTitle', 0, NULL, NULL, NULL),
('intro_update', 0, NULL, NULL, NULL),
('intro_updateSuggest', 0, NULL, NULL, NULL),
('introCategory_create', 0, NULL, NULL, NULL),
('introCategory_delete', 0, NULL, NULL, NULL),
('introCategory_index', 0, NULL, NULL, NULL),
('introCategory_update', 0, NULL, NULL, NULL),
('introCategory_updateListOrderView', 0, NULL, NULL, NULL),
('introCategory_validate', 0, NULL, NULL, NULL),
('introCategory_write', 0, NULL, NULL, NULL),
('Manager', 2, NULL, NULL, NULL),
('News Editor', 2, NULL, NULL, NULL),
('news_autoSave', 0, '', '', ''),
('news_checkbox', 0, '', '', ''),
('news_copy', 0, NULL, NULL, NULL),
('news_create', 0, NULL, NULL, NULL),
('news_delete', 0, NULL, NULL, NULL),
('news_edit', 0, NULL, NULL, NULL),
('news_index', 0, NULL, NULL, NULL),
('news_reverseHome', 0, NULL, NULL, NULL),
('news_reverseNew', 0, NULL, NULL, NULL),
('news_reverseStatus', 0, NULL, NULL, NULL),
('news_suggestTitle', 0, '', '', ''),
('news_update', 0, NULL, NULL, NULL),
('news_updateSuggest', 0, NULL, NULL, NULL),
('newsCategory_create', 0, NULL, NULL, NULL),
('newsCategory_delete', 0, NULL, NULL, NULL),
('newsCategory_index', 0, NULL, NULL, NULL),
('newsCategory_update', 0, NULL, NULL, NULL),
('newsCategory_updateListOrderView', 0, NULL, NULL, NULL),
('newsCategory_validate', 0, NULL, NULL, NULL),
('newsCategory_write', 0, NULL, NULL, NULL),
('Order Manager', 2, NULL, NULL, NULL),
('order_checkbox', 0, NULL, NULL, NULL),
('order_delete', 0, NULL, NULL, NULL),
('order_index', 0, NULL, NULL, NULL),
('order_reverseStatus', 0, NULL, NULL, NULL),
('order_updateForm', 0, NULL, NULL, NULL),
('order_write', 0, NULL, NULL, NULL),
('Partner Manager', 2, NULL, NULL, NULL),
('partner_autoSave', 0, NULL, NULL, NULL),
('partner_checkbox', 0, NULL, NULL, NULL),
('partner_copy', 0, NULL, NULL, NULL),
('partner_create', 0, NULL, NULL, NULL),
('partner_delete', 0, NULL, NULL, NULL),
('partner_edit', 0, NULL, NULL, NULL),
('partner_index', 0, NULL, NULL, NULL),
('partner_reverseHome', 0, NULL, NULL, NULL),
('partner_reverseNew', 0, NULL, NULL, NULL),
('partner_reverseStatus', 0, NULL, NULL, NULL),
('partner_suggestTitle', 0, NULL, NULL, NULL),
('partner_update', 0, NULL, NULL, NULL),
('partner_updateSuggest', 0, NULL, NULL, NULL),
('partnerCategory_create', 0, NULL, NULL, NULL),
('partnerCategory_delete', 0, NULL, NULL, NULL),
('partnerCategory_index', 0, NULL, NULL, NULL),
('partnerCategory_update', 0, NULL, NULL, NULL),
('partnerCategory_updateListOrderView', 0, NULL, NULL, NULL),
('partnerCategory_validate', 0, NULL, NULL, NULL),
('partnerCategory_write', 0, NULL, NULL, NULL),
('Product Manager', 2, NULL, NULL, NULL),
('product_autoSave', 0, '', '', ''),
('product_checkbox', 0, NULL, NULL, NULL),
('product_copy', 0, NULL, NULL, NULL),
('product_create', 0, NULL, NULL, NULL),
('product_delete', 0, NULL, NULL, NULL),
('product_edit', 0, NULL, NULL, NULL),
('product_index', 0, NULL, NULL, NULL),
('product_reverseHome', 0, NULL, NULL, NULL),
('product_reverseNew', 0, '', '', ''),
('product_reverseSale', 0, NULL, NULL, NULL),
('product_reverseStatus', 0, NULL, NULL, NULL),
('product_suggestName', 0, NULL, NULL, NULL),
('product_update', 0, NULL, NULL, NULL),
('product_updateSuggest', 0, NULL, NULL, NULL),
('productCategory_create', 0, NULL, NULL, NULL),
('productCategory_delete', 0, NULL, NULL, NULL),
('productCategory_index', 0, NULL, NULL, NULL),
('productCategory_update', 0, NULL, NULL, NULL),
('productCategory_updateListOrderView', 0, NULL, NULL, NULL),
('productCategory_validate', 0, NULL, NULL, NULL),
('productCategory_write', 0, NULL, NULL, NULL),
('productCityCategory_create', 0, '', '', ''),
('productCityCategory_delete', 0, '', '', ''),
('productCityCategory_index', 0, '', '', ''),
('productCityCategory_update', 0, '', '', ''),
('productCityCategory_updateListOrderView', 0, '', '', ''),
('productCityCategory_validate', 0, '', '', ''),
('productCityCategory_write', 0, '', '', ''),
('QA Manager', 2, NULL, NULL, NULL),
('qa_checkbox', 0, NULL, NULL, NULL),
('qa_copy', 0, NULL, NULL, NULL),
('qa_create', 0, NULL, NULL, NULL),
('qa_delete', 0, NULL, NULL, NULL),
('qa_edit', 0, NULL, NULL, NULL),
('qa_index', 0, NULL, NULL, NULL),
('qa_reverseHome', 0, NULL, NULL, NULL),
('qa_reverseNew', 0, NULL, NULL, NULL),
('qa_reverseStatus', 0, NULL, NULL, NULL),
('qa_suggestTitle', 0, NULL, NULL, NULL),
('qa_update', 0, NULL, NULL, NULL),
('qa_updateSuggest', 0, NULL, NULL, NULL),
('QaAnswer Manager', 2, NULL, NULL, NULL),
('qaAnswer_checkbox', 0, '', '', ''),
('qaAnswer_create', 0, '', '', ''),
('qaAnswer_delete', 0, '', '', ''),
('qaAnswer_edit', 0, '', '', ''),
('qaAnswer_index', 0, '', '', ''),
('qaAnswer_reverseStatus', 0, '', '', ''),
('qaAnswer_suggestTitle', 0, '', '', ''),
('qaAnswer_update', 0, '', '', ''),
('qaAnswer_updateSuggest', 0, '', '', ''),
('qaCategory_create', 0, NULL, NULL, NULL),
('qaCategory_delete', 0, NULL, NULL, NULL),
('qaCategory_index', 0, NULL, NULL, NULL),
('qaCategory_update', 0, NULL, NULL, NULL),
('qaCategory_updateListOrderView', 0, NULL, NULL, NULL),
('qaCategory_validate', 0, NULL, NULL, NULL),
('qaCategory_write', 0, NULL, NULL, NULL),
('Setting Manager', 2, NULL, NULL, NULL),
('setting_edit', 0, NULL, NULL, NULL),
('setting_index', 0, NULL, NULL, NULL),
('setting_information', 0, '', '', ''),
('setting_seo', 0, '', '', ''),
('setting_suggestName', 0, NULL, NULL, NULL),
('setting_updateForm', 0, NULL, NULL, NULL),
('Share Manager', 2, NULL, NULL, NULL),
('share_checkbox', 0, NULL, NULL, NULL),
('share_copy', 0, NULL, NULL, NULL),
('share_create', 0, NULL, NULL, NULL),
('share_delete', 0, NULL, NULL, NULL),
('share_edit', 0, NULL, NULL, NULL),
('share_index', 0, NULL, NULL, NULL),
('share_reverseHome', 0, NULL, NULL, NULL),
('share_reverseNew', 0, NULL, NULL, NULL),
('share_reverseStatus', 0, NULL, NULL, NULL),
('share_suggestTitle', 0, NULL, NULL, NULL),
('share_update', 0, NULL, NULL, NULL),
('share_updateSuggest', 0, NULL, NULL, NULL),
('shareCategory_create', 0, NULL, NULL, NULL),
('shareCategory_delete', 0, NULL, NULL, NULL),
('shareCategory_index', 0, NULL, NULL, NULL),
('shareCategory_update', 0, NULL, NULL, NULL),
('shareCategory_updateListOrderView', 0, NULL, NULL, NULL),
('shareCategory_validate', 0, NULL, NULL, NULL),
('shareCategory_write', 0, NULL, NULL, NULL),
('site_home', 0, NULL, NULL, NULL),
('supporter_checkbox', 0, NULL, NULL, NULL),
('supporter_copy', 0, NULL, NULL, NULL),
('supporter_delete', 0, NULL, NULL, NULL),
('supporter_edit', 0, NULL, NULL, NULL),
('supporter_index', 0, NULL, NULL, NULL),
('supporter_reverseStatus', 0, NULL, NULL, NULL),
('supporter_suggestName', 0, NULL, NULL, NULL),
('supporter_updateForm', 0, NULL, NULL, NULL),
('supporter_write', 0, NULL, NULL, NULL),
('Textlink Manager', 2, NULL, NULL, NULL),
('textlink_autoSave', 0, NULL, NULL, NULL),
('textlink_checkbox', 0, NULL, NULL, NULL),
('textlink_copy', 0, NULL, NULL, NULL),
('textlink_create', 0, NULL, NULL, NULL),
('textlink_delete', 0, NULL, NULL, NULL),
('textlink_edit', 0, NULL, NULL, NULL),
('textlink_index', 0, NULL, NULL, NULL),
('textlink_reverseHome', 0, NULL, NULL, NULL),
('textlink_reverseNew', 0, NULL, NULL, NULL),
('textlink_reverseStatus', 0, NULL, NULL, NULL),
('textlink_suggestTitle', 0, NULL, NULL, NULL),
('textlink_update', 0, NULL, NULL, NULL),
('textlink_updateSuggest', 0, NULL, NULL, NULL),
('textLinkCategory_create', 0, NULL, NULL, NULL),
('textLinkCategory_delete', 0, NULL, NULL, NULL),
('textLinkCategory_index', 0, NULL, NULL, NULL),
('textLinkCategory_update', 0, NULL, NULL, NULL),
('textLinkCategory_updateListOrderView', 0, NULL, NULL, NULL),
('textLinkCategory_validate', 0, NULL, NULL, NULL),
('textLinkCategory_write', 0, NULL, NULL, NULL),
('user_checkbox', 0, NULL, NULL, NULL),
('user_delete', 0, NULL, NULL, NULL),
('user_index', 0, NULL, NULL, NULL),
('user_resetPassword', 0, NULL, NULL, NULL),
('user_reverseStatus', 0, NULL, NULL, NULL),
('user_suggestEmail', 0, NULL, NULL, NULL),
('user_updateForm', 0, NULL, NULL, NULL),
('user_write', 0, NULL, NULL, NULL),
('userMenu_create', 0, NULL, NULL, NULL),
('userMenu_delete', 0, NULL, NULL, NULL),
('userMenu_index', 0, NULL, NULL, NULL),
('userMenu_update', 0, NULL, NULL, NULL),
('userMenu_validate', 0, NULL, NULL, NULL),
('userMenu_write', 0, NULL, NULL, NULL),
('Video Manager', 2, NULL, NULL, NULL),
('video_checkbox', 0, NULL, NULL, NULL),
('video_copy', 0, NULL, NULL, NULL),
('video_create', 0, NULL, NULL, NULL),
('video_delete', 0, NULL, NULL, NULL),
('video_edit', 0, NULL, NULL, NULL),
('video_index', 0, NULL, NULL, NULL),
('video_reverseHome', 0, NULL, NULL, NULL),
('video_reverseNew', 0, NULL, NULL, NULL),
('video_reverseStatus', 0, NULL, NULL, NULL),
('video_suggestName', 0, NULL, NULL, NULL),
('video_update', 0, NULL, NULL, NULL),
('video_updateSuggest', 0, NULL, NULL, NULL),
('videoCategory_create', 0, NULL, NULL, NULL),
('videoCategory_delete', 0, NULL, NULL, NULL),
('videoCategory_index', 0, NULL, NULL, NULL),
('videoCategory_update', 0, NULL, NULL, NULL),
('videoCategory_updateListOrderView', 0, NULL, NULL, NULL),
('videoCategory_validate', 0, NULL, NULL, NULL),
('videoCategory_write', 0, NULL, NULL, NULL);

-- --------------------------------------------------------

--
-- Table structure for table `authitemchild`
--

CREATE TABLE IF NOT EXISTS `authitemchild` (
  `parent` varchar(64) CHARACTER SET utf8 COLLATE utf8_unicode_ci NOT NULL,
  `child` varchar(64) CHARACTER SET utf8 COLLATE utf8_unicode_ci NOT NULL,
  PRIMARY KEY (`parent`,`child`),
  KEY `child` (`child`)
) ENGINE=InnoDB DEFAULT CHARSET=utf8;

--
-- Dumping data for table `authitemchild`
--

INSERT INTO `authitemchild` (`parent`, `child`) VALUES
('Manager', 'Advisor Manager'),
('Advisor Manager', 'advisor_autoSave'),
('Manager', 'advisor_autoSave'),
('Advisor Manager', 'advisor_checkbox'),
('Manager', 'advisor_checkbox'),
('Advisor Manager', 'advisor_copy'),
('Manager', 'advisor_copy'),
('Advisor Manager', 'advisor_create'),
('Manager', 'advisor_create'),
('Advisor Manager', 'advisor_delete'),
('Manager', 'advisor_delete'),
('Advisor Manager', 'advisor_edit'),
('Manager', 'advisor_edit'),
('Advisor Manager', 'advisor_index'),
('Manager', 'advisor_index'),
('Advisor Manager', 'advisor_reverseHome'),
('Manager', 'advisor_reverseHome'),
('Advisor Manager', 'advisor_reverseNew'),
('Manager', 'advisor_reverseNew'),
('Advisor Manager', 'advisor_reverseStatus'),
('Manager', 'advisor_reverseStatus'),
('Advisor Manager', 'advisor_suggestTitle'),
('Manager', 'advisor_suggestTitle'),
('Advisor Manager', 'advisor_update'),
('Manager', 'advisor_update'),
('Advisor Manager', 'advisor_updateSuggest'),
('Manager', 'advisor_updateSuggest'),
('Advisor Manager', 'advisorCategory_create'),
('Manager', 'advisorCategory_create'),
('Advisor Manager', 'advisorCategory_delete'),
('Manager', 'advisorCategory_delete'),
('Advisor Manager', 'advisorCategory_index'),
('Manager', 'advisorCategory_index'),
('Advisor Manager', 'advisorCategory_update'),
('Manager', 'advisorCategory_update'),
('Advisor Manager', 'advisorCategory_updateListOrderView'),
('Manager', 'advisorCategory_updateListOrderView'),
('Advisor Manager', 'advisorCategory_validate'),
('Manager', 'advisorCategory_validate'),
('Advisor Manager', 'advisorCategory_write'),
('Manager', 'advisorCategory_write'),
('Manager', 'Album Manager'),
('Album Editor', 'album_checkbox'),
('Album Manager', 'album_checkbox'),
('Manager', 'album_checkbox'),
('Album Editor', 'album_copy'),
('Album Manager', 'album_copy'),
('Manager', 'album_copy'),
('Album Editor', 'album_create'),
('Album Manager', 'album_create'),
('Manager', 'album_create'),
('Album Manager', 'album_delete'),
('Manager', 'album_delete'),
('Album Manager', 'album_edit'),
('Manager', 'album_edit'),
('Album Editor', 'album_index'),
('Album Manager', 'album_index'),
('Manager', 'album_index'),
('Album Manager', 'album_reverseHome'),
('Manager', 'album_reverseHome'),
('Album Manager', 'album_reverseNew'),
('Manager', 'album_reverseNew'),
('Album Manager', 'album_reverseStatus'),
('Manager', 'album_reverseStatus'),
('Album Editor', 'album_suggestName'),
('Album Manager', 'album_suggestName'),
('Manager', 'album_suggestName'),
('Album Editor', 'album_update'),
('Album Manager', 'album_update'),
('Manager', 'album_update'),
('Album Editor', 'album_updateSuggest'),
('Album Manager', 'album_updateSuggest'),
('Manager', 'album_updateSuggest'),
('Album Manager', 'albumCategory_create'),
('Manager', 'albumCategory_create'),
('Album Manager', 'albumCategory_delete'),
('Manager', 'albumCategory_delete'),
('Album Manager', 'albumCategory_index'),
('Manager', 'albumCategory_index'),
('Album Manager', 'albumCategory_update'),
('Manager', 'albumCategory_update'),
('Album Manager', 'albumCategory_updateListOrderView'),
('Manager', 'albumCategory_updateListOrderView'),
('Album Manager', 'albumCategory_validate'),
('Manager', 'albumCategory_validate'),
('Album Manager', 'albumCategory_write'),
('Manager', 'albumCategory_write'),
('Manager', 'Audio Manager'),
('Audio Manager', 'audio_checkbox'),
('Manager', 'audio_checkbox'),
('Audio Manager', 'audio_create'),
('Manager', 'audio_create'),
('Audio Manager', 'audio_delete'),
('Manager', 'audio_delete'),
('Audio Manager', 'audio_edit'),
('Manager', 'audio_edit'),
('Audio Manager', 'audio_index'),
('Manager', 'audio_index'),
('Audio Manager', 'audio_reverseStatus'),
('Manager', 'audio_reverseStatus'),
('Audio Manager', 'audio_suggestName'),
('Manager', 'audio_suggestName'),
('Audio Manager', 'audio_update'),
('Manager', 'audio_update'),
('Audio Manager', 'audioCategory_create'),
('Manager', 'audioCategory_create'),
('Audio Manager', 'audioCategory_delete'),
('Manager', 'audioCategory_delete'),
('Audio Manager', 'audioCategory_index'),
('Manager', 'audioCategory_index'),
('Audio Manager', 'audioCategory_update'),
('Manager', 'audioCategory_update'),
('Audio Manager', 'audioCategory_updateListOrderView'),
('Manager', 'audioCategory_updateListOrderView'),
('Audio Manager', 'audioCategory_validate'),
('Manager', 'audioCategory_validate'),
('Audio Manager', 'audioCategory_write'),
('Manager', 'audioCategory_write'),
('Manager', 'banner_checkbox'),
('Manager', 'banner_copy'),
('Manager', 'banner_delete'),
('Manager', 'banner_edit'),
('Manager', 'banner_index'),
('Manager', 'banner_reverseStatus'),
('Manager', 'banner_suggestName'),
('Manager', 'banner_updateForm'),
('Manager', 'banner_write'),
('Manager', 'Booking Manager'),
('Booking Manager', 'booking_autoSave'),
('Booking Manager', 'booking_checkbox'),
('Booking Manager', 'booking_copy'),
('Booking Manager', 'booking_create'),
('Booking Manager', 'booking_delete'),
('Booking Manager', 'booking_edit'),
('Booking Manager', 'booking_index'),
('Booking Manager', 'booking_reverseHome'),
('Booking Manager', 'booking_reverseNew'),
('Booking Manager', 'booking_reverseStatus'),
('Booking Manager', 'booking_suggestTitle'),
('Booking Manager', 'booking_update'),
('Booking Manager', 'booking_updateSuggest'),
('Manager', 'catalog_checkbox'),
('Manager', 'catalog_copy'),
('Manager', 'catalog_create'),
('Manager', 'catalog_delete'),
('Manager', 'catalog_edit'),
('Manager', 'catalog_index'),
('Manager', 'catalog_reverseHome'),
('Manager', 'catalog_reverseNew'),
('Manager', 'catalog_reverseStatus'),
('Manager', 'catalog_suggestName'),
('Manager', 'catalog_update'),
('Manager', 'catalogCategory_create'),
('Manager', 'catalogCategory_delete'),
('Manager', 'catalogCategory_index'),
('Manager', 'catalogCategory_update'),
('Manager', 'catalogCategory_updateListOrderView'),
('Manager', 'catalogCategory_validate'),
('Manager', 'catalogCategory_write'),
('Manager', 'City Manager'),
('City Manager', 'city_copy'),
('Manager', 'city_copy'),
('City Manager', 'city_create'),
('Manager', 'city_create'),
('City Manager', 'city_delete'),
('Manager', 'city_delete'),
('City Manager', 'city_edit'),
('Manager', 'city_edit'),
('City Manager', 'city_index'),
('Manager', 'city_index'),
('City Manager', 'city_reverseStatus'),
('Manager', 'city_reverseStatus'),
('City Manager', 'city_suggestTitle'),
('Manager', 'city_suggestTitle'),
('City Manager', 'city_update'),
('Manager', 'city_update'),
('Manager', 'Clip Manager'),
('Manager', 'Comment Manager'),
('Comment Manager', 'comment_checkbox'),
('Manager', 'comment_checkbox'),
('Comment Manager', 'comment_delete'),
('Manager', 'comment_delete'),
('Comment Manager', 'comment_index'),
('Manager', 'comment_index'),
('Comment Manager', 'comment_reverseStatus'),
('Manager', 'comment_reverseStatus'),
('Manager', 'Contact Manager'),
('Contact Manager', 'contact_checkbox'),
('Manager', 'contact_checkbox'),
('Contact Manager', 'contact_delete'),
('Manager', 'contact_delete'),
('Contact Manager', 'contact_index'),
('Manager', 'contact_index'),
('Contact Manager', 'contact_reverseStatus'),
('Manager', 'contact_reverseStatus'),
('Contact Manager', 'contact_sendEmail'),
('Manager', 'contact_sendEmail'),
('Contact Manager', 'contact_updateForm'),
('Manager', 'contact_updateForm'),
('Contact Manager', 'contact_write'),
('Manager', 'contact_write'),
('Manager', 'Customer Manager'),
('Customer Manager', 'customer_checkbox'),
('Manager', 'customer_checkbox'),
('Customer Manager', 'customer_delete'),
('Manager', 'customer_delete'),
('Customer Manager', 'customer_index'),
('Manager', 'customer_index'),
('Customer Manager', 'customer_resetPassword'),
('Manager', 'customer_resetPassword'),
('Customer Manager', 'customer_reverseStatus'),
('Manager', 'customer_reverseStatus'),
('Customer Manager', 'customer_suggestEmail'),
('Manager', 'customer_suggestEmail'),
('Customer Manager', 'customer_updateForm'),
('Manager', 'customer_updateForm'),
('Customer Manager', 'customer_write'),
('Manager', 'customer_write'),
('Manager', 'Document Manager'),
('Document Manager', 'document_checkbox'),
('Manager', 'document_checkbox'),
('Document Manager', 'document_copy'),
('Manager', 'document_copy'),
('Document Manager', 'document_create'),
('Manager', 'document_create'),
('Document Manager', 'document_delete'),
('Manager', 'document_delete'),
('Document Manager', 'document_index'),
('Manager', 'document_index'),
('Document Manager', 'document_reverseHome'),
('Manager', 'document_reverseHome'),
('Document Manager', 'document_reverseNew'),
('Manager', 'document_reverseNew'),
('Document Manager', 'document_reverseStatus'),
('Manager', 'document_reverseStatus'),
('Document Manager', 'document_suggestName'),
('Manager', 'document_suggestName'),
('Document Manager', 'document_update'),
('Manager', 'document_update'),
('Document Manager', 'document_updateSuggest'),
('Manager', 'document_updateSuggest'),
('Document Manager', 'documentCategory_create'),
('Manager', 'documentCategory_create'),
('Document Manager', 'documentCategory_delete'),
('Manager', 'documentCategory_delete'),
('Document Manager', 'documentCategory_index'),
('Manager', 'documentCategory_index'),
('Document Manager', 'documentCategory_update'),
('Manager', 'documentCategory_update'),
('Document Manager', 'documentCategory_updateListOrderView'),
('Manager', 'documentCategory_updateListOrderView'),
('Document Manager', 'documentCategory_validate'),
('Manager', 'documentCategory_validate'),
('Document Manager', 'documentCategory_write'),
('Manager', 'documentCategory_write'),
('DrugStores Manager', 'drugstores_checkbox'),
('DrugStores Manager', 'drugstores_copy'),
('DrugStores Manager', 'drugstores_create'),
('DrugStores Manager', 'drugstores_delete'),
('DrugStores Manager', 'drugstores_edit'),
('DrugStores Manager', 'drugstores_index'),
('DrugStores Manager', 'drugstores_reverseHome'),
('DrugStores Manager', 'drugstores_reverseNew'),
('DrugStores Manager', 'drugstores_reverseStatus'),
('DrugStores Manager', 'drugstores_suggestTitle'),
('DrugStores Manager', 'drugstores_update'),
('DrugStores Manager', 'drugStores_updateListCity'),
('DrugStores Manager', 'drugstores_updateSellProduct'),
('DrugStores Manager', 'drugstores_updateSuggest'),
('DrugStores Manager', 'drugStoresCategory_create'),
('DrugStores Manager', 'drugStoresCategory_delete'),
('DrugStores Manager', 'drugStoresCategory_index'),
('DrugStores Manager', 'drugStoresCategory_update'),
('DrugStores Manager', 'drugStoresCategory_updateListOrderView'),
('DrugStores Manager', 'drugStoresCategory_validate'),
('DrugStores Manager', 'drugStoresCategory_write'),
('Embeded Video Manager', 'embeddedVideo_checkbox'),
('Manager', 'embeddedVideo_checkbox'),
('Embeded Video Manager', 'embeddedVideo_copy'),
('Manager', 'embeddedVideo_copy'),
('Embeded Video Manager', 'embeddedVideo_create'),
('Manager', 'embeddedVideo_create'),
('Embeded Video Manager', 'embeddedVideo_delete'),
('Manager', 'embeddedVideo_delete'),
('Embeded Video Manager', 'embeddedVideo_edit'),
('Manager', 'embeddedVideo_edit'),
('Embeded Video Manager', 'embeddedVideo_index'),
('Manager', 'embeddedVideo_index'),
('Embeded Video Manager', 'embeddedVideo_reverseHome'),
('Manager', 'embeddedVideo_reverseHome'),
('Embeded Video Manager', 'embeddedVideo_reverseNew'),
('Manager', 'embeddedVideo_reverseNew'),
('Embeded Video Manager', 'embeddedVideo_reverseStatus'),
('Manager', 'embeddedVideo_reverseStatus'),
('Embeded Video Manager', 'embeddedVideo_suggestName'),
('Manager', 'embeddedVideo_suggestName'),
('Embeded Video Manager', 'embeddedVideo_update'),
('Manager', 'embeddedVideo_update'),
('Embeded Video Manager', 'embeddedVideo_updateSuggest'),
('Manager', 'embeddedVideo_updateSuggest'),
('Embeded Video Manager', 'embeddedVideoCategory_create'),
('Manager', 'embeddedVideoCategory_create'),
('Embeded Video Manager', 'embeddedVideoCategory_delete'),
('Manager', 'embeddedVideoCategory_delete'),
('Embeded Video Manager', 'embeddedVideoCategory_index'),
('Manager', 'embeddedVideoCategory_index'),
('Embeded Video Manager', 'embeddedVideoCategory_update'),
('Manager', 'embeddedVideoCategory_update'),
('Embeded Video Manager', 'embeddedVideoCategory_updateListOrderView'),
('Manager', 'embeddedVideoCategory_updateListOrderView'),
('Embeded Video Manager', 'embeddedVideoCategory_validate'),
('Manager', 'embeddedVideoCategory_validate'),
('Embeded Video Manager', 'embeddedVideoCategory_write'),
('Manager', 'embeddedVideoCategory_write'),
('Manager', 'Embeded Video Manager'),
('Document Manager', 'file_delete'),
('Manager', 'file_delete'),
('Clip Editor', 'file_upload'),
('Document Manager', 'file_upload'),
('Manager', 'file_upload'),
('Video Editor', 'file_upload'),
('Video Manager', 'file_upload'),
('Manager', 'help_index'),
('Manager', 'help_view'),
('Manager', 'Image Manager'),
('Image Manager', 'image_create'),
('Manager', 'image_create'),
('Image Manager', 'image_delete'),
('Manager', 'image_delete'),
('Image Manager', 'image_edit'),
('Manager', 'image_edit'),
('Image Manager', 'image_index'),
('Manager', 'image_index'),
('Album Editor', 'image_update'),
('Album Manager', 'image_update'),
('Clip Editor', 'image_update'),
('Image Manager', 'image_update'),
('Manager', 'image_update'),
('News Editor', 'image_update'),
('Product Editor', 'image_update'),
('Product Manager', 'image_update'),
('Video Editor', 'image_update'),
('Video Manager', 'image_update'),
('Album Editor', 'image_updateInfo'),
('Album Manager', 'image_updateInfo'),
('Clip Editor', 'image_updateInfo'),
('Image Manager', 'image_updateInfo'),
('Manager', 'image_updateInfo'),
('News Editor', 'image_updateInfo'),
('Product Editor', 'image_updateInfo'),
('Product Manager', 'image_updateInfo'),
('Video Editor', 'image_updateInfo'),
('Video Manager', 'image_updateInfo'),
('Album Editor', 'image_upload'),
('Album Manager', 'image_upload'),
('Clip Editor', 'image_upload'),
('Image Manager', 'image_upload'),
('Manager', 'image_upload'),
('News Editor', 'image_upload'),
('Product Editor', 'image_upload'),
('Product Manager', 'image_upload'),
('Video Editor', 'image_upload'),
('Video Manager', 'image_upload'),
('Manager', 'Intro manager'),
('Intro manager', 'intro_autoSave'),
('Manager', 'intro_autoSave'),
('Intro manager', 'intro_checkbox'),
('Manager', 'intro_checkbox'),
('Intro manager', 'intro_copy'),
('Manager', 'intro_copy'),
('Intro manager', 'intro_create'),
('Manager', 'intro_create'),
('Intro manager', 'intro_delete'),
('Manager', 'intro_delete'),
('Intro manager', 'intro_edit'),
('Manager', 'intro_edit'),
('Intro manager', 'intro_index'),
('Manager', 'intro_index'),
('Intro manager', 'intro_reverseHome'),
('Manager', 'intro_reverseHome'),
('Intro manager', 'intro_reverseNew'),
('Manager', 'intro_reverseNew'),
('Intro manager', 'intro_reverseStatus'),
('Manager', 'intro_reverseStatus'),
('Intro manager', 'intro_suggestTitle'),
('Manager', 'intro_suggestTitle'),
('Intro manager', 'intro_update'),
('Manager', 'intro_update'),
('Intro manager', 'intro_updateSuggest'),
('Manager', 'intro_updateSuggest'),
('Intro manager', 'introCategory_create'),
('Manager', 'introCategory_create'),
('Intro manager', 'introCategory_delete'),
('Manager', 'introCategory_delete'),
('Intro manager', 'introCategory_index'),
('Manager', 'introCategory_index'),
('Intro manager', 'introCategory_update'),
('Manager', 'introCategory_update'),
('Intro manager', 'introCategory_updateListOrderView'),
('Manager', 'introCategory_updateListOrderView'),
('Intro manager', 'introCategory_validate'),
('Manager', 'introCategory_validate'),
('Intro manager', 'introCategory_write'),
('Manager', 'introCategory_write'),
('Manager', 'News Editor'),
('Manager', 'news_autoSave'),
('News Editor', 'news_autoSave'),
('Manager', 'news_checkbox'),
('News Editor', 'news_checkbox'),
('Manager', 'news_copy'),
('News Editor', 'news_copy'),
('Manager', 'news_create'),
('News Editor', 'news_create'),
('Manager', 'news_delete'),
('News Editor', 'news_delete'),
('Manager', 'news_edit'),
('News Editor', 'news_edit'),
('Manager', 'news_index'),
('News Editor', 'news_index'),
('Manager', 'news_reverseHome'),
('News Editor', 'news_reverseHome'),
('Manager', 'news_reverseNew'),
('News Editor', 'news_reverseNew'),
('Manager', 'news_reverseStatus'),
('News Editor', 'news_reverseStatus'),
('Manager', 'news_suggestTitle'),
('News Editor', 'news_suggestTitle'),
('Manager', 'news_update'),
('News Editor', 'news_update'),
('Manager', 'news_updateSuggest'),
('News Editor', 'news_updateSuggest'),
('Manager', 'newsCategory_create'),
('News Editor', 'newsCategory_create'),
('Manager', 'newsCategory_delete'),
('News Editor', 'newsCategory_delete'),
('Manager', 'newsCategory_index'),
('News Editor', 'newsCategory_index'),
('Manager', 'newsCategory_update'),
('News Editor', 'newsCategory_update'),
('Manager', 'newsCategory_updateListOrderView'),
('News Editor', 'newsCategory_updateListOrderView'),
('Manager', 'newsCategory_validate'),
('News Editor', 'newsCategory_validate'),
('Manager', 'newsCategory_write'),
('News Editor', 'newsCategory_write'),
('Manager', 'Order Manager'),
('Manager', 'order_checkbox'),
('Order Manager', 'order_checkbox'),
('Manager', 'order_delete'),
('Order Manager', 'order_delete'),
('Manager', 'order_index'),
('Order Manager', 'order_index'),
('Manager', 'order_reverseStatus'),
('Order Manager', 'order_reverseStatus'),
('Manager', 'order_updateForm'),
('Order Manager', 'order_updateForm'),
('Manager', 'order_write'),
('Order Manager', 'order_write'),
('Manager', 'Partner Manager'),
('Partner Manager', 'partner_autoSave'),
('Partner Manager', 'partner_checkbox'),
('Partner Manager', 'partner_copy'),
('Partner Manager', 'partner_create'),
('Partner Manager', 'partner_delete'),
('Partner Manager', 'partner_edit'),
('Partner Manager', 'partner_index'),
('Partner Manager', 'partner_reverseHome'),
('Partner Manager', 'partner_reverseNew'),
('Partner Manager', 'partner_reverseStatus'),
('Partner Manager', 'partner_suggestTitle'),
('Partner Manager', 'partner_update'),
('Partner Manager', 'partner_updateSuggest'),
('Partner Manager', 'partnerCategory_create'),
('Partner Manager', 'partnerCategory_delete'),
('Partner Manager', 'partnerCategory_index'),
('Partner Manager', 'partnerCategory_update'),
('Partner Manager', 'partnerCategory_updateListOrderView'),
('Partner Manager', 'partnerCategory_validate'),
('Partner Manager', 'partnerCategory_write'),
('Manager', 'Product Manager'),
('Manager', 'product_autoSave'),
('Product Manager', 'product_autoSave'),
('Manager', 'product_checkbox'),
('Product Editor', 'product_checkbox'),
('Product Manager', 'product_checkbox'),
('Manager', 'product_copy'),
('Product Editor', 'product_copy'),
('Product Manager', 'product_copy'),
('Manager', 'product_create'),
('Product Editor', 'product_create'),
('Product Manager', 'product_create'),
('Manager', 'product_delete'),
('Product Editor', 'product_delete'),
('Product Manager', 'product_delete'),
('Manager', 'product_edit'),
('Product Editor', 'product_edit'),
('Product Manager', 'product_edit'),
('Manager', 'product_index'),
('Product Editor', 'product_index'),
('Product Manager', 'product_index'),
('Manager', 'product_reverseHome'),
('Product Editor', 'product_reverseHome'),
('Product Manager', 'product_reverseHome'),
('Manager', 'product_reverseNew'),
('Product Editor', 'product_reverseNew'),
('Product Manager', 'product_reverseNew'),
('Manager', 'product_reverseSale'),
('Product Editor', 'product_reverseSale'),
('Product Manager', 'product_reverseSale'),
('Manager', 'product_reverseStatus'),
('Product Editor', 'product_reverseStatus'),
('Product Manager', 'product_reverseStatus'),
('Manager', 'product_suggestName'),
('Product Editor', 'product_suggestName'),
('Product Manager', 'product_suggestName'),
('Manager', 'product_update'),
('Product Editor', 'product_update'),
('Product Manager', 'product_update'),
('Manager', 'product_updateSuggest'),
('Product Editor', 'product_updateSuggest'),
('Product Manager', 'product_updateSuggest'),
('Manager', 'productCategory_create'),
('Product Editor', 'productCategory_create'),
('Product Manager', 'productCategory_create'),
('Manager', 'productCategory_delete'),
('Product Editor', 'productCategory_delete'),
('Product Manager', 'productCategory_delete'),
('Manager', 'productCategory_index'),
('Product Editor', 'productCategory_index'),
('Product Manager', 'productCategory_index'),
('Manager', 'productCategory_update'),
('Product Editor', 'productCategory_update'),
('Product Manager', 'productCategory_update'),
('Manager', 'productCategory_updateListOrderView'),
('Product Editor', 'productCategory_updateListOrderView'),
('Product Manager', 'productCategory_updateListOrderView'),
('Manager', 'productCategory_validate'),
('Product Editor', 'productCategory_validate'),
('Product Manager', 'productCategory_validate'),
('Manager', 'productCategory_write'),
('Product Editor', 'productCategory_write'),
('Product Manager', 'productCategory_write'),
('Product Manager', 'productCityCategory_create'),
('Product Manager', 'productCityCategory_delete'),
('Product Manager', 'productCityCategory_index'),
('Product Manager', 'productCityCategory_update'),
('Product Manager', 'productCityCategory_updateListOrderView'),
('Product Manager', 'productCityCategory_validate'),
('Product Manager', 'productCityCategory_write'),
('Manager', 'QA Manager'),
('Manager', 'qa_checkbox'),
('QA Manager', 'qa_checkbox'),
('Manager', 'qa_copy'),
('QA Manager', 'qa_copy'),
('Manager', 'qa_create'),
('QA Manager', 'qa_create'),
('Manager', 'qa_delete'),
('QA Manager', 'qa_delete'),
('Manager', 'qa_edit'),
('QA Manager', 'qa_edit'),
('Manager', 'qa_index'),
('QA Manager', 'qa_index'),
('Manager', 'qa_reverseHome'),
('QA Manager', 'qa_reverseHome'),
('Manager', 'qa_reverseNew'),
('QA Manager', 'qa_reverseNew'),
('Manager', 'qa_reverseStatus'),
('QA Manager', 'qa_reverseStatus'),
('Manager', 'qa_suggestTitle'),
('QA Manager', 'qa_suggestTitle'),
('Manager', 'qa_update'),
('QA Manager', 'qa_update'),
('Manager', 'qa_updateSuggest'),
('QA Manager', 'qa_updateSuggest'),
('Manager', 'QaAnswer Manager'),
('Manager', 'qaAnswer_checkbox'),
('QaAnswer Manager', 'qaAnswer_checkbox'),
('Manager', 'qaAnswer_create'),
('QaAnswer Manager', 'qaAnswer_create'),
('Manager', 'qaAnswer_delete'),
('QaAnswer Manager', 'qaAnswer_delete'),
('Manager', 'qaAnswer_edit'),
('QaAnswer Manager', 'qaAnswer_edit'),
('Manager', 'qaAnswer_index'),
('QaAnswer Manager', 'qaAnswer_index'),
('Manager', 'qaAnswer_reverseStatus'),
('QaAnswer Manager', 'qaAnswer_reverseStatus'),
('Manager', 'qaAnswer_suggestTitle'),
('QaAnswer Manager', 'qaAnswer_suggestTitle'),
('Manager', 'qaAnswer_update'),
('QaAnswer Manager', 'qaAnswer_update'),
('Manager', 'qaAnswer_updateSuggest'),
('QaAnswer Manager', 'qaAnswer_updateSuggest'),
('Manager', 'qaCategory_create'),
('QA Manager', 'qaCategory_create'),
('Manager', 'qaCategory_delete'),
('QA Manager', 'qaCategory_delete'),
('Manager', 'qaCategory_index'),
('QA Manager', 'qaCategory_index'),
('Manager', 'qaCategory_update'),
('QA Manager', 'qaCategory_update'),
('Manager', 'qaCategory_updateListOrderView'),
('QA Manager', 'qaCategory_updateListOrderView'),
('Manager', 'qaCategory_validate'),
('QA Manager', 'qaCategory_validate'),
('Manager', 'qaCategory_write'),
('QA Manager', 'qaCategory_write'),
('Manager', 'Setting Manager'),
('Manager', 'setting_edit'),
('Setting Manager', 'setting_edit'),
('Manager', 'setting_index'),
('Setting Manager', 'setting_index'),
('Setting Manager', 'setting_information'),
('Setting Manager', 'setting_seo'),
('Manager', 'setting_suggestName'),
('Setting Manager', 'setting_suggestName'),
('Manager', 'setting_updateForm'),
('Setting Manager', 'setting_updateForm'),
('Manager', 'Share Manager'),
('Manager', 'share_checkbox'),
('Share Manager', 'share_checkbox'),
('Manager', 'share_copy'),
('Share Manager', 'share_copy'),
('Manager', 'share_create'),
('Share Manager', 'share_create'),
('Manager', 'share_delete'),
('Share Manager', 'share_delete'),
('Manager', 'share_edit'),
('Share Manager', 'share_edit'),
('Manager', 'share_index'),
('Share Manager', 'share_index'),
('Manager', 'share_reverseHome'),
('Share Manager', 'share_reverseHome'),
('Manager', 'share_reverseNew'),
('Share Manager', 'share_reverseNew'),
('Manager', 'share_reverseStatus'),
('Share Manager', 'share_reverseStatus'),
('Manager', 'share_suggestTitle'),
('Share Manager', 'share_suggestTitle'),
('Manager', 'share_update'),
('Share Manager', 'share_update'),
('Manager', 'share_updateSuggest'),
('Share Manager', 'share_updateSuggest'),
('Manager', 'shareCategory_create'),
('Share Manager', 'shareCategory_create'),
('Manager', 'shareCategory_delete'),
('Share Manager', 'shareCategory_delete'),
('Manager', 'shareCategory_index'),
('Share Manager', 'shareCategory_index'),
('Manager', 'shareCategory_update'),
('Share Manager', 'shareCategory_update'),
('Manager', 'shareCategory_updateListOrderView'),
('Share Manager', 'shareCategory_updateListOrderView'),
('Manager', 'shareCategory_validate'),
('Share Manager', 'shareCategory_validate'),
('Manager', 'shareCategory_write'),
('Share Manager', 'shareCategory_write'),
('Manager', 'site_home'),
('Manager', 'supporter_checkbox'),
('Manager', 'supporter_copy'),
('Manager', 'supporter_delete'),
('Manager', 'supporter_edit'),
('Manager', 'supporter_index'),
('Manager', 'supporter_reverseStatus'),
('Manager', 'supporter_suggestName'),
('Manager', 'supporter_updateForm'),
('Manager', 'supporter_write'),
('Manager', 'Textlink Manager'),
('Manager', 'textlink_autoSave'),
('Textlink Manager', 'textlink_autoSave'),
('Manager', 'textlink_checkbox'),
('Textlink Manager', 'textlink_checkbox'),
('Manager', 'textlink_copy'),
('Textlink Manager', 'textlink_copy'),
('Manager', 'textlink_create'),
('Textlink Manager', 'textlink_create'),
('Manager', 'textlink_delete'),
('Textlink Manager', 'textlink_delete'),
('Manager', 'textlink_edit'),
('Textlink Manager', 'textlink_edit'),
('Manager', 'textlink_index'),
('Textlink Manager', 'textlink_index'),
('Manager', 'textlink_reverseHome'),
('Textlink Manager', 'textlink_reverseHome'),
('Manager', 'textlink_reverseNew'),
('Textlink Manager', 'textlink_reverseNew'),
('Manager', 'textlink_reverseStatus'),
('Textlink Manager', 'textlink_reverseStatus'),
('Manager', 'textlink_suggestTitle'),
('Textlink Manager', 'textlink_suggestTitle'),
('Manager', 'textlink_update'),
('Textlink Manager', 'textlink_update'),
('Manager', 'textlink_updateSuggest'),
('Textlink Manager', 'textlink_updateSuggest'),
('Manager', 'textLinkCategory_create'),
('Textlink Manager', 'textLinkCategory_create'),
('Manager', 'textLinkCategory_delete'),
('Textlink Manager', 'textLinkCategory_delete'),
('Manager', 'textLinkCategory_index'),
('Textlink Manager', 'textLinkCategory_index'),
('Manager', 'textLinkCategory_update'),
('Textlink Manager', 'textLinkCategory_update'),
('Manager', 'textLinkCategory_updateListOrderView'),
('Textlink Manager', 'textLinkCategory_updateListOrderView'),
('Manager', 'textLinkCategory_validate'),
('Textlink Manager', 'textLinkCategory_validate'),
('Manager', 'textLinkCategory_write'),
('Textlink Manager', 'textLinkCategory_write'),
('Manager', 'user_checkbox'),
('Manager', 'user_delete'),
('Manager', 'user_index'),
('Manager', 'user_resetPassword'),
('Manager', 'user_reverseStatus'),
('Manager', 'user_suggestEmail'),
('Manager', 'user_updateForm'),
('Manager', 'user_write'),
('Manager', 'userMenu_create'),
('Manager', 'userMenu_delete'),
('Manager', 'userMenu_index'),
('Manager', 'userMenu_update'),
('Manager', 'userMenu_validate'),
('Manager', 'userMenu_write'),
('Manager', 'Video Manager'),
('Manager', 'video_checkbox'),
('Video Editor', 'video_checkbox'),
('Video Manager', 'video_checkbox'),
('Manager', 'video_copy'),
('Video Editor', 'video_copy'),
('Video Manager', 'video_copy'),
('Manager', 'video_create'),
('Video Editor', 'video_create'),
('Video Manager', 'video_create'),
('Manager', 'video_delete'),
('Video Editor', 'video_delete'),
('Video Manager', 'video_delete'),
('Manager', 'video_edit'),
('Video Editor', 'video_edit'),
('Video Manager', 'video_edit'),
('Manager', 'video_index'),
('Video Editor', 'video_index'),
('Video Manager', 'video_index'),
('Manager', 'video_reverseHome'),
('Video Editor', 'video_reverseHome'),
('Video Manager', 'video_reverseHome'),
('Manager', 'video_reverseNew'),
('Video Editor', 'video_reverseNew'),
('Video Manager', 'video_reverseNew'),
('Manager', 'video_reverseStatus'),
('Video Editor', 'video_reverseStatus'),
('Video Manager', 'video_reverseStatus'),
('Manager', 'video_suggestName'),
('Video Editor', 'video_suggestName'),
('Video Manager', 'video_suggestName'),
('Manager', 'video_update'),
('Video Editor', 'video_update'),
('Video Manager', 'video_update'),
('Manager', 'video_updateSuggest'),
('Video Editor', 'video_updateSuggest'),
('Video Manager', 'video_updateSuggest'),
('Manager', 'videoCategory_create'),
('Video Editor', 'videoCategory_create'),
('Video Manager', 'videoCategory_create'),
('Manager', 'videoCategory_delete'),
('Video Editor', 'videoCategory_delete'),
('Video Manager', 'videoCategory_delete'),
('Manager', 'videoCategory_index'),
('Video Editor', 'videoCategory_index'),
('Video Manager', 'videoCategory_index'),
('Manager', 'videoCategory_update'),
('Video Editor', 'videoCategory_update'),
('Video Manager', 'videoCategory_update'),
('Manager', 'videoCategory_updateListOrderView'),
('Video Editor', 'videoCategory_updateListOrderView'),
('Video Manager', 'videoCategory_updateListOrderView'),
('Manager', 'videoCategory_validate'),
('Video Editor', 'videoCategory_validate'),
('Video Manager', 'videoCategory_validate'),
('Manager', 'videoCategory_write'),
('Video Editor', 'videoCategory_write'),
('Video Manager', 'videoCategory_write');

-- --------------------------------------------------------

--
-- Table structure for table `tbl_admin_menu`
--

CREATE TABLE IF NOT EXISTS `tbl_admin_menu` (
  `id` int(11) NOT NULL AUTO_INCREMENT,
  `type` smallint(6) NOT NULL,
  `name` varchar(128) COLLATE utf8_unicode_ci NOT NULL,
  `parent_id` int(11) NOT NULL,
  `order_view` smallint(6) NOT NULL,
  `status` tinyint(1) NOT NULL,
  `other` varchar(1024) COLLATE utf8_unicode_ci NOT NULL,
  `created_by` int(11) NOT NULL,
  `created_time` int(11) NOT NULL,
  PRIMARY KEY (`id`)
) ENGINE=InnoDB  DEFAULT CHARSET=utf8 COLLATE=utf8_unicode_ci AUTO_INCREMENT=184 ;

--
-- Dumping data for table `tbl_admin_menu`
--

INSERT INTO `tbl_admin_menu` (`id`, `type`, `name`, `parent_id`, `order_view`, `status`, `other`, `created_by`, `created_time`) VALUES
(1, 1, 'News', 0, 6, 1, '{"controller":"news","action":"index","description":"","params":"","modified":"{\\"1356774504\\":\\"1\\",\\"1358744747\\":\\"1\\"}","key_url":"news_index"}', 1, 1345279996),
(11, 1, 'Video', 0, 22, 0, '{"controller":"galleryVideo","action":"index","description":"","params":"","modified":"{\\"1356429840\\":\\"1\\",\\"1356774504\\":\\"1\\",\\"1358180726\\":\\"1\\",\\"1358744747\\":\\"1\\",\\"1362043425\\":\\"1\\",\\"1363338254\\":\\"1\\"}","introimage":"","external_link":"","key_url":"video_index"}', 1, 1345280314),
(12, 1, 'List Videos', 11, 1, 1, '{"controller":"galleryVideo","action":"index","description":"","params":"","key_url":"video_index"}', 1, 1345280325),
(13, 1, 'Add Video', 11, 2, 1, '{"controller":"galleryVideo","action":"create","description":"","params":"","key_url":"videoCategory_index"}', 1, 1345280346),
(14, 1, 'Banner', 174, 4, 1, '{"controller":"banner","action":"index","description":"","params":"","modified":"{\\"1356774504\\":\\"1\\",\\"1358180726\\":\\"1\\",\\"1358744747\\":\\"1\\",\\"1362043425\\":\\"1\\",\\"1363338254\\":\\"1\\",\\"1363338279\\":\\"1\\",\\"1364806154\\":\\"1\\"}","introimage":"","external_link":"","key_url":"banner_index"}', 1, 1345280381),
(15, 1, 'Advisors', 174, 5, 0, '{"controller":"support","action":"index","description":"","params":"","modified":"{\\"1345285483\\":\\"1\\",\\"1345285504\\":\\"1\\",\\"1352959953\\":\\"1\\",\\"1356774504\\":\\"1\\",\\"1358180726\\":\\"1\\",\\"1358743322\\":\\"1\\",\\"1358744747\\":\\"1\\",\\"1362029761\\":\\"1\\",\\"1362043425\\":\\"1\\",\\"1363338254\\":\\"1\\",\\"1363338279\\":\\"1\\",\\"1363338341\\":\\"1\\"}","introimage":"","external_link":"","key_url":"supporter_index"}', 1, 1345281894),
(18, 1, 'Contact', 174, 8, 1, '{"controller":"contact","action":"index","description":"","params":"","modified":"{\\"1356774504\\":\\"1\\",\\"1358180726\\":\\"1\\",\\"1358744747\\":\\"1\\",\\"1362043425\\":\\"1\\",\\"1363338254\\":\\"1\\",\\"1363338279\\":\\"1\\",\\"1363338341\\":\\"1\\",\\"1363338920\\":\\"1\\"}","key_url":"contact_index"}', 1, 1345281941),
(30, 1, 'Parameter', 0, 20, 1, '{"controller":"setting","action":"index","description":"","params":"","modified":"{\\"1345282873\\":\\"1\\"}","key_url":"setting_seo"}', 1, 1345282373),
(31, 1, 'Comments', 174, 7, 1, '{"controller":"comment","action":"index","description":"","params":"","modified":"{\\"1345284902\\":\\"1\\",\\"1356774504\\":\\"1\\",\\"1358180726\\":\\"1\\",\\"1358744692\\":\\"1\\",\\"1358744747\\":\\"1\\",\\"1362043425\\":\\"1\\",\\"1363338254\\":\\"1\\",\\"1363338279\\":\\"1\\",\\"1363338342\\":\\"1\\",\\"1363338920\\":\\"1\\"}","introimage":"","external_link":"","key_url":"comment_index"}', 1, 1345284893),
(32, 1, 'User', 174, 6, 1, '{"controller":"user","action":"index","description":"","params":"","modified":"{\\"1345395364\\":\\"1\\",\\"1345428152\\":\\"1\\",\\"1345428161\\":\\"1\\",\\"1356774504\\":\\"1\\",\\"1358180726\\":\\"1\\",\\"1358744747\\":\\"1\\",\\"1362029572\\":\\"1\\",\\"1362043425\\":\\"1\\",\\"1363338254\\":\\"1\\",\\"1363338279\\":\\"1\\",\\"1363338342\\":\\"1\\",\\"1363338920\\":\\"1\\",\\"1364959549\\":\\"1\\"}","introimage":"","external_link":"","key_url":"user_index"}', 1, 1345395356),
(43, 1, 'Help', 0, 22, 0, '{"introimage":"","controller":"help","action":"view","external_link":"","description":"","params":"","modified":"{\\"1356429737\\":\\"1\\",\\"1356430828\\":\\"1\\",\\"1356774504\\":\\"1\\",\\"1356774739\\":\\"1\\",\\"1358180726\\":\\"1\\",\\"1358744747\\":\\"1\\",\\"1361335207\\":\\"1\\",\\"1362043425\\":\\"1\\",\\"1363338254\\":\\"1\\",\\"1363338279\\":\\"1\\",\\"1363338342\\":\\"1\\",\\"1363338920\\":\\"1\\"}","key_url":"help_index"}', 1, 1354875098),
(57, 1, 'Tour', 0, 5, 1, '{"introimage":"","controller":"product","action":"index","external_link":"","description":"","params":"","modified":"{\\"1358180726\\":\\"1\\",\\"1358744747\\":\\"1\\",\\"1362034076\\":\\"1\\"}","key_url":"product_index"}', 1, 1358180713),
(58, 1, 'List Tour', 57, 1, 1, '{"introimage":"","controller":"product","action":"index","external_link":"","description":"","params":"","modified":"{\\"1358180794\\":\\"1\\",\\"1358180800\\":\\"1\\",\\"1362034146\\":\\"1\\"}","key_url":"product_index"}', 1, 1358180745),
(59, 1, 'Add Tour', 57, 2, 1, '{"introimage":"","controller":"product","action":"create","external_link":"","description":"","params":"","modified":"{\\"1362034155\\":\\"1\\"}","key_url":"product_create"}', 1, 1358180774),
(63, 1, 'Tour Categories', 57, 3, 1, '{"introimage":"","controller":"product","action":"manager_category","external_link":"","description":"","params":"","modified":"{\\"1362034171\\":\\"1\\"}","key_url":"productCategory_index"}', 1, 1359100069),
(76, 1, 'Menu', 174, 2, 1, '{"introimage":"","controller":"menu","action":"manager","params":"{\\"type\\":2}","external_link":"","description":"","modified":"{\\"1363338254\\":\\"1\\",\\"1363338279\\":\\"1\\",\\"1363338342\\":\\"1\\",\\"1363338920\\":\\"1\\",\\"1364959642\\":\\"1\\"}","key_url":"userMenu_index"}', 1, 1363337607),
(96, 1, 'Video Categories', 11, 3, 1, '{"key_url":"news_index"}', 1, 1366615454),
(97, 1, 'Album', 0, 22, 0, '{"key_url":"album_index"}', 1, 1366615502),
(98, 1, 'List Albums', 97, 1, 1, '{"key_url":"album_index"}', 1, 1366619434),
(99, 1, 'Add Album', 97, 2, 1, '{"key_url":"album_create"}', 1, 1366619444),
(100, 1, 'Album Categories', 97, 3, 1, '{"key_url":"albumCategory_index"}', 1, 1366619473),
(103, 0, 'Order', 0, 19, 0, '{"key_url":"order_index"}', 1, 1367048676),
(107, 0, 'HOME', 0, 3, 1, '{"key_url":"site_home"}', 41, 1367470601),
(108, 0, 'Analytics', 174, 1, 1, '{"key_url":"google_analytics"}', 41, 1367471156),
(110, 0, 'SEO''s Parameters', 30, 1, 1, '{"key_url":"setting_seo"}', 0, 1367651961),
(111, 0, 'Contact Informations', 30, 1, 1, '{"key_url":"setting_information"}', 0, 1367651982),
(112, 0, 'Video', 175, 1, 1, '{"key_url":"clip_index"}', 0, 1368501921),
(113, 0, 'List Videos', 112, 1, 1, '{"key_url":"clip_index"}', 0, 1368501932),
(114, 0, 'Add Video', 112, 2, 1, '{"key_url":"clip_create"}', 0, 1368501947),
(115, 0, 'Video Categories', 112, 1, 1, '{"key_url":"clipCategory_index"}', 0, 1368501962),
(116, 0, 'FQAs', 0, 10, 0, '{"key_url":"qa_index"}', 0, 1369277455),
(117, 0, 'List FQAs', 116, 1, 1, '{"key_url":"qa_index"}', 0, 1369277744),
(118, 0, 'Add FQA', 116, 1, 1, '{"key_url":"qa_create"}', 0, 1369277760),
(119, 0, 'Share', 0, 21, 0, '{"key_url":"share_index"}', 0, 1369279184),
(120, 0, 'List Shares', 119, 1, 1, '{"key_url":"share_index"}', 0, 1369279204),
(121, 0, 'Add Share', 119, 1, 1, '{"key_url":"share_create"}', 0, 1369279215),
(123, 0, 'List News', 1, 3, 1, '{"key_url":"news_index"}', 0, 1371797338),
(124, 0, 'Add News', 1, 3, 1, '{"key_url":"news_create"}', 0, 1371797350),
(125, 0, 'News Categories', 1, 1, 1, '{"key_url":"newsCategory_index"}', 0, 1371797363),
(146, 0, 'City', 0, 18, 0, '{"key_url":"city_index"}', 0, 1371891835),
(147, 0, 'Recruitment', 0, 16, 0, '{"key_url":"image_index"}', 0, 1372064406),
(148, 0, 'List Recruitment', 147, 1, 1, '{"key_url":"image_index"}', 0, 1372127454),
(149, 0, 'Add Recruitment', 147, 1, 1, '{"key_url":"image_index"}', 0, 1372127468),
(150, 0, 'Recruitment Categories', 147, 3, 1, '{"key_url":"image_index"}', 0, 1372127481),
(151, 0, 'Trnh dc vin', 0, 9, 0, '{"key_url":"seller_index"}', 0, 1372129402),
(152, 0, 'Danh mc trnh dc vin', 151, 2, 1, '{"key_url":"sellerCategory_index"}', 0, 1372129438),
(153, 0, 'Thm mi trnh dc vin', 151, 1, 1, '{"key_url":"seller_create"}', 0, 1372129450),
(154, 0, 'Danh sch trnh dc vin', 151, 0, 1, '{"key_url":"seller_index"}', 0, 1372129463),
(155, 0, 'Store', 0, 4, 0, '{"key_url":"image_index"}', 0, 1372219182),
(156, 0, 'List Store', 155, 1, 1, '{"key_url":"image_index"}', 0, 1372219197),
(157, 0, 'Add Store', 155, 1, 1, '{"key_url":"image_index"}', 0, 1372219209),
(158, 0, 'List Cities', 146, 1, 1, '{"key_url":"city_index"}', 0, 1372995083),
(159, 0, 'Add City', 146, 1, 1, '{"key_url":"city_create"}', 0, 1372995100),
(160, 0, 'Pictures', 0, 13, 0, '{"key_url":"image_index"}', 0, 1375417733),
(162, 0, 'Introduction', 0, 11, 1, '{"key_url":"intro_index"}', 0, 1378698718),
(163, 0, 'Introduction categories', 162, 2, 1, '{"key_url":"introCategory_index"}', 0, 1378698761),
(164, 0, 'Add introduciton', 162, 1, 1, '{"key_url":"intro_create"}', 0, 1378698784),
(165, 0, 'Catalog', 0, 2, 0, '{"key_url":"document_index"}', 0, 1379931316),
(166, 0, 'Catalog Categories', 165, 1, 1, '{"key_url":"documentCagegory_index"}', 0, 1379931404),
(167, 0, 'Add Catalog', 165, 1, 1, '{"key_url":"document_create"}', 0, 1379931424),
(171, 0, 'Advisors', 0, 8, 0, '{"key_url":"advisor_index"}', 0, 1383558688),
(172, 0, 'Add Advisor', 171, 1, 1, '{"key_url":"advisor_create"}', 0, 1383558714),
(173, 0, 'Customers', 174, 3, 0, '{"key_url":"customer_index"}', 0, 1384144899),
(174, 0, 'Other', 0, 20, 1, '{"key_url":"image_index"}', 0, 1384145014),
(175, 0, 'Media', 0, 12, 1, '{"key_url":"video_index"}', 0, 1384225078),
(176, 0, 'Audio', 175, 2, 1, '{"key_url":"audio_index"}', 0, 1384225171),
(177, 0, 'List Audios', 176, 1, 1, '{"key_url":"audio_index"}', 0, 1384225193),
(178, 0, 'Add Audio', 176, 1, 1, '{"key_url":"audio_create"}', 0, 1384225209),
(179, 0, 'Audio Categories', 176, 3, 1, '{"key_url":"audioCategory_index"}', 0, 1384225228),
(180, 0, 'Partner', 0, 17, 1, '{"key_url":"partner_index"}', 0, 1387531921),
(181, 0, 'Add Partner', 180, 1, 1, '{"key_url":"partner_create"}', 0, 1387531964),
(182, 0, 'Partner Categories', 180, 1, 1, '{"key_url":"partnerCategory_index"}', 0, 1387531989),
(183, 0, 'Provinces/Cities', 57, 4, 1, '{"key_url":"productCityCategory_index"}', 0, 1388726706);

-- --------------------------------------------------------

--
-- Table structure for table `tbl_advisor`
--

CREATE TABLE IF NOT EXISTS `tbl_advisor` (
  `id` int(11) NOT NULL AUTO_INCREMENT,
  `language` char(8) NOT NULL,
  `status` tinyint(1) NOT NULL,
  `title` varchar(256) NOT NULL,
  `alias` varchar(256) NOT NULL,
  `cat_id` int(11) NOT NULL,
  `introimage_id` int(11) NOT NULL,
  `order_view` int(11) NOT NULL,
  `new` tinyint(1) NOT NULL,
  `home` tinyint(1) NOT NULL,
  `other` text NOT NULL,
  `visits` int(11) NOT NULL,
  `created_by` int(11) NOT NULL,
  `created_time` int(11) NOT NULL,
  PRIMARY KEY (`id`)
) ENGINE=InnoDB DEFAULT CHARSET=utf8 AUTO_INCREMENT=1 ;

-- --------------------------------------------------------

--
-- Table structure for table `tbl_album`
--

CREATE TABLE IF NOT EXISTS `tbl_album` (
  `id` int(11) NOT NULL AUTO_INCREMENT,
  `language` char(8) NOT NULL DEFAULT 'vi',
  `status` tinyint(1) NOT NULL DEFAULT '1',
  `name` varchar(256) NOT NULL,
  `cat_id` int(11) NOT NULL,
  `home` tinyint(1) NOT NULL DEFAULT '0',
  `new` tinyint(1) NOT NULL DEFAULT '0',
  `order_view` int(11) NOT NULL DEFAULT '1',
  `other` varchar(1024) NOT NULL,
  `visits` int(11) NOT NULL DEFAULT '0',
  `created_by` int(11) NOT NULL,
  `created_time` int(11) NOT NULL,
  PRIMARY KEY (`id`),
  KEY `language` (`language`)
) ENGINE=InnoDB  DEFAULT CHARSET=utf8 AUTO_INCREMENT=2 ;

--
-- Dumping data for table `tbl_album`
--

INSERT INTO `tbl_album` (`id`, `language`, `status`, `name`, `cat_id`, `home`, `new`, `order_view`, `other`, `visits`, `created_by`, `created_time`) VALUES
(1, 'vi', 1, 'Du lch Ph C H Ni', 13, 0, 0, 1, '{"meta_title":"Du l\\u1ecbch Ph\\u1ed1 C\\u1ed5 H\\u00e0 N\\u1ed9i","meta_keyword":"Du l\\u1ecbch Ph\\u1ed1 C\\u1ed5 H\\u00e0 N\\u1ed9i","meta_description":"Du l\\u1ecbch Ph\\u1ed1 C\\u1ed5 H\\u00e0 N\\u1ed9i"}', 0, 1, 1387354353);

-- --------------------------------------------------------

--
-- Table structure for table `tbl_album_image`
--

CREATE TABLE IF NOT EXISTS `tbl_album_image` (
  `id` int(11) NOT NULL AUTO_INCREMENT,
  `album_id` int(11) NOT NULL,
  `image_id` int(11) NOT NULL,
  PRIMARY KEY (`id`)
) ENGINE=InnoDB  DEFAULT CHARSET=utf8 AUTO_INCREMENT=5 ;

--
-- Dumping data for table `tbl_album_image`
--

INSERT INTO `tbl_album_image` (`id`, `album_id`, `image_id`) VALUES
(1, 1, 25),
(2, 1, 26),
(3, 1, 27),
(4, 1, 28);

-- --------------------------------------------------------

--
-- Table structure for table `tbl_audio`
--

CREATE TABLE IF NOT EXISTS `tbl_audio` (
  `id` int(11) NOT NULL AUTO_INCREMENT,
  `language` char(8) NOT NULL DEFAULT 'vi',
  `status` tinyint(1) NOT NULL DEFAULT '1',
  `name` varchar(256) NOT NULL,
  `file_id` int(11) NOT NULL,
  `cat_id` int(11) NOT NULL,
  `introimage_id` int(11) unsigned NOT NULL,
  `order_view` int(11) NOT NULL DEFAULT '1',
  `home` int(11) NOT NULL DEFAULT '0',
  `new` int(11) NOT NULL DEFAULT '0',
  `other` varchar(1024) NOT NULL,
  `visits` int(11) NOT NULL DEFAULT '0',
  `created_by` int(11) NOT NULL,
  `created_time` int(11) NOT NULL,
  PRIMARY KEY (`id`),
  KEY `language` (`language`)
) ENGINE=InnoDB  DEFAULT CHARSET=utf8 AUTO_INCREMENT=2 ;

--
-- Dumping data for table `tbl_audio`
--

INSERT INTO `tbl_audio` (`id`, `language`, `status`, `name`, `file_id`, `cat_id`, `introimage_id`, `order_view`, `home`, `new`, `other`, `visits`, `created_by`, `created_time`) VALUES
(1, 'vi', 1, ' Bonjour Vietnam', 31, 12, 30, 1, 0, 0, '{"meta_title":" Bonjour Vietnam","meta_keyword":" Bonjour Vietnam","meta_description":" Bonjour Vietnam"}', 0, 1, 1387339121);

-- --------------------------------------------------------

--
-- Table structure for table `tbl_banner`
--

CREATE TABLE IF NOT EXISTS `tbl_banner` (
  `id` int(11) NOT NULL AUTO_INCREMENT,
  `language` char(8) NOT NULL DEFAULT 'vi',
  `status` tinyint(1) NOT NULL DEFAULT '1',
  `name` varchar(256) NOT NULL,
  `cat` tinyint(4) NOT NULL,
  `image_id` int(11) NOT NULL,
  `order_view` int(11) NOT NULL DEFAULT '1',
  `other` varchar(1024) NOT NULL,
  `created_time` int(11) NOT NULL,
  `created_by` int(11) NOT NULL,
  `clicks` int(11) NOT NULL DEFAULT '0',
  PRIMARY KEY (`id`),
  KEY `language` (`language`)
) ENGINE=InnoDB  DEFAULT CHARSET=utf8 AUTO_INCREMENT=6 ;

--
-- Dumping data for table `tbl_banner`
--

INSERT INTO `tbl_banner` (`id`, `language`, `status`, `name`, `cat`, `image_id`, `order_view`, `other`, `created_time`, `created_by`, `clicks`) VALUES
(1, 'vi', 1, 'Chng ti lun mang li cho bn nhng iu tt nht', 0, 6, 0, '{"slogan":"","url":"#","description":"C\\u00f4ng ty TNHH D\\u01b0\\u1ee3c ph\\u1ea9m \\u00c1 \\u00c2u \\u0111\\u01b0\\u1ee3c th\\u00e0nh l\\u1eadp ng\\u00e0y  23\\/11\\/2005 v\\u1edbi ph\\u01b0\\u01a1ng ch\\u00e2m \\"Mang l\\u1ea1i ni\\u1ec1m tin s\\u1ee9c kh\\u1ecfe cho ng\\u01b0\\u1eddi ti\\u00eau d\\u00f9ng\\"..."}', 1385625187, 1, 0),
(2, 'vi', 1, 'Lun lun bn bn, d bn ni u - Spaphar', 0, 3, 0, '{"url":"#","description":"Hi\\u1ec7n nay, C\\u00f4ng ty nhanh ch\\u00f3ng ph\\u00e1t tri\\u1ec3n r\\u1ed9ng l\\u1edbn kh\\u00f4ng ch\\u1ec9 v\\u1ec1 ngu\\u1ed3n nh\\u00e2n l\\u1ef1c, m\\u00e0 c\\u00f2n d\\u1eabn \\u0111\\u1ea7u th\\u1ecb tr\\u01b0\\u1eddng d\\u01b0\\u1ee3c ph\\u1ea9m \\u1edf Vi\\u1ec7t Nam, theo xu h\\u01b0\\u1edbng v\\u01b0\\u01a1n ra Qu\\u1ed1c t\\u1ebf."}', 1385628928, 1, 0),
(3, 'vi', 1, 'Cng ty TNHH Chu Hng', 4, 7, 0, '{"url":"#","description":""}', 1385635920, 1, 0),
(4, 'vi', 1, 'Cng ty TNHH Dc phm  u', 4, 8, 0, '{"url":"#","description":""}', 1385635940, 1, 0),
(5, 'vi', 1, 'Cng ty IMC', 4, 9, 0, '{"url":"#","description":""}', 1385635964, 1, 0);

-- --------------------------------------------------------

--
-- Table structure for table `tbl_booking`
--

CREATE TABLE IF NOT EXISTS `tbl_booking` (
  `id` int(11) NOT NULL AUTO_INCREMENT,
  `language` char(8) NOT NULL,
  `status` tinyint(1) NOT NULL,
  `home` tinyint(1) NOT NULL,
  `other` text NOT NULL,
  `created_time` int(11) NOT NULL,
  `plan_date` int(11) unsigned NOT NULL,
  `plan_month` int(11) unsigned NOT NULL,
  `places` varchar(256) NOT NULL,
  `first_name` varchar(64) NOT NULL,
  `last_name` int(64) NOT NULL,
  `sex` tinyint(1) NOT NULL,
  `nationality` varchar(64) NOT NULL,
  `address` varchar(256) NOT NULL,
  `country` varchar(64) NOT NULL,
  `email` varchar(64) NOT NULL,
  `phone` varchar(20) NOT NULL,
  `allow_call` tinyint(1) NOT NULL,
  PRIMARY KEY (`id`)
) ENGINE=InnoDB DEFAULT CHARSET=utf8 AUTO_INCREMENT=1 ;

-- --------------------------------------------------------

--
-- Table structure for table `tbl_category`
--

CREATE TABLE IF NOT EXISTS `tbl_category` (
  `id` int(11) NOT NULL AUTO_INCREMENT,
  `language` char(8) NOT NULL,
  `type` tinyint(3) NOT NULL,
  `status` tinyint(1) NOT NULL DEFAULT '1',
  `name` varchar(256) NOT NULL,
  `alias` varchar(256) NOT NULL,
  `parent_id` int(11) NOT NULL,
  `order_view` tinyint(4) NOT NULL DEFAULT '1',
  `other` mediumtext NOT NULL,
  `created_by` int(11) NOT NULL,
  `created_time` int(11) NOT NULL,
  PRIMARY KEY (`id`),
  KEY `language` (`language`)
) ENGINE=InnoDB  DEFAULT CHARSET=utf8 AUTO_INCREMENT=47 ;

--
-- Dumping data for table `tbl_category`
--

INSERT INTO `tbl_category` (`id`, `language`, `type`, `status`, `name`, `alias`, `parent_id`, `order_view`, `other`, `created_by`, `created_time`) VALUES
(1, 'vi', 4, 1, 'Du lch thng thng', 'du-lich-thong-thuong', 0, 1, '{"introimage_id":"21","meta_title":"Du l\\u1ecbch th\\u00f4ng th\\u01b0\\u1eddng","meta_keyword":"Du l\\u1ecbch th\\u00f4ng th\\u01b0\\u1eddng","meta_description":"Du l\\u1ecbch th\\u00f4ng th\\u01b0\\u1eddng","description":"<p><strong style=\\"margin: 0px; padding: 0px; font-family: Arial, Helvetica, sans-serif; font-size: 13px; text-align: justify; background-color: #ffffff;\\">V&ugrave;ng l&atilde;nh th\\u1ed5 n&agrave;y mi\\u1ec1n B\\u1eafc \\u0111\\u01b0\\u1ee3c chia th&agrave;nh 3 v&ugrave;ng l&atilde;nh th\\u1ed5 nh\\u1ecf:<\\/strong><br style=\\"margin: 0px; padding: 0px; font-family: Arial, Helvetica, sans-serif; font-size: 13px; text-align: justify; background-color: #ffffff;\\" \\/><br style=\\"margin: 0px; padding: 0px; font-family: Arial, Helvetica, sans-serif; font-size: 13px; text-align: justify; background-color: #ffffff;\\" \\/><span style=\\"font-family: Arial, Helvetica, sans-serif; font-size: 13px; text-align: justify; background-color: #ffffff;\\">&nbsp;&nbsp;&nbsp;<\\/span><strong style=\\"margin: 0px; padding: 0px; font-family: Arial, Helvetica, sans-serif; font-size: 13px; text-align: justify; background-color: #ffffff;\\">&nbsp;T&acirc;y B\\u1eafc B\\u1ed9<\\/strong><span style=\\"font-family: Arial, Helvetica, sans-serif; font-size: 13px; text-align: justify; background-color: #ffffff;\\">&nbsp;(bao g\\u1ed3m 6 t\\u1ec9nh: L&agrave;o Cai, Y&ecirc;n B&aacute;i, \\u0110i\\u1ec7n Bi&ecirc;n, Ho&agrave; B&igrave;nh, Lai Ch&acirc;u, S\\u01a1n La). V&ugrave;ng n&agrave;y ch\\u1ee7 y\\u1ebfu n\\u1eb1m \\u1edf h\\u1eefu ng\\u1ea1n s&ocirc;ng H\\u1ed3ng. Ri&ecirc;ng Lao Cai, Y&ecirc;n B&aacute;i \\u0111&ocirc;i khi v\\u1eabn \\u0111\\u01b0\\u1ee3c x\\u1ebfp v&agrave;o ti\\u1ec3u v&ugrave;ng \\u0110&ocirc;ng B\\u1eafc.<\\/span><br style=\\"margin: 0px; padding: 0px; font-family: Arial, Helvetica, sans-serif; font-size: 13px; text-align: justify; background-color: #ffffff;\\" \\/><br style=\\"margin: 0px; padding: 0px; font-family: Arial, Helvetica, sans-serif; font-size: 13px; text-align: justify; background-color: #ffffff;\\" \\/><span style=\\"font-family: Arial, Helvetica, sans-serif; font-size: 13px; text-align: justify; background-color: #ffffff;\\">&nbsp;&nbsp;&nbsp;&nbsp;<\\/span><strong style=\\"margin: 0px; padding: 0px; font-family: Arial, Helvetica, sans-serif; font-size: 13px; text-align: justify; background-color: #ffffff;\\">\\u0110&ocirc;ng B\\u1eafc B\\u1ed9<\\/strong><span style=\\"font-family: Arial, Helvetica, sans-serif; font-size: 13px; text-align: justify; background-color: #ffffff;\\">&nbsp;(bao g\\u1ed3m 9 t\\u1ec9nh: H&agrave; Giang, Cao B\\u1eb1ng, B\\u1eafc K\\u1ea1n, L\\u1ea1ng S\\u01a1n, Tuy&ecirc;n Quang, Th&aacute;i Nguy&ecirc;n, Ph&uacute; Th\\u1ecd, B\\u1eafc Giang, Qu\\u1ea3ng Ninh.)<\\/span><br style=\\"margin: 0px; padding: 0px; font-family: Arial, Helvetica, sans-serif; font-size: 13px; text-align: justify; background-color: #ffffff;\\" \\/><br style=\\"margin: 0px; padding: 0px; font-family: Arial, Helvetica, sans-serif; font-size: 13px; text-align: justify; background-color: #ffffff;\\" \\/><span style=\\"font-family: Arial, Helvetica, sans-serif; font-size: 13px; text-align: justify; background-color: #ffffff;\\">&nbsp;&nbsp;&nbsp;<\\/span><strong style=\\"margin: 0px; padding: 0px; font-family: Arial, Helvetica, sans-serif; font-size: 13px; text-align: justify; background-color: #ffffff;\\">&nbsp;\\u0110\\u1ed3ng b\\u1eb1ng s&ocirc;ng H\\u1ed3ng<\\/strong><span style=\\"font-family: Arial, Helvetica, sans-serif; font-size: 13px; text-align: justify; background-color: #ffffff;\\">&nbsp;(bao g\\u1ed3m 10 t\\u1ec9nh: B\\u1eafc Ninh, H&agrave; Nam, H&agrave; N\\u1ed9i, H\\u1ea3i D\\u01b0\\u01a1ng, H\\u1ea3i Ph&ograve;ng, H\\u01b0ng Y&ecirc;n, Nam \\u0110\\u1ecbnh, Ninh B&igrave;nh, Th&aacute;i B&igrave;nh, V\\u0129nh Ph&uacute;c.)&nbsp;<\\/span><\\/p>","extra":"<p><span style=\\"color: #333333; font-family: Arial, Helvetica, sans-serif; font-size: 12px; font-style: italic; text-indent: 10px; background-color: #ffffff;\\">Gi\\u1eefa nh\\u1ecbp s\\u1ed1ng \\u1ed3n &agrave;o n&aacute;o nhi\\u1ec7t c\\u1ee7a H&agrave; N\\u1ed9i, \\u0111&ocirc;i khi ta mu\\u1ed1n t&igrave;m vui trong kh&ocirc;ng gian y&ecirc;n t\\u0129nh, tho&aacute;ng m&aacute;t \\u0111\\u1ec3 t\\u1ea1m qu&ecirc;n \\u0111i nh\\u1eefng lo &acirc;u, m\\u1ec7t m\\u1ecfi. C&ograve;n g&igrave; th&uacute; v\\u1ecb h\\u01a1n khi \\u0111\\u01b0\\u1ee3c h&ograve;a m&igrave;nh v\\u1edbi khung c\\u1ea3nh s&ocirc;ng n\\u01b0\\u1edbc thi&ecirc;n nhi&ecirc;n \\u1edf nh\\u1eefng n\\u01a1i vui ch\\u01a1i gi\\u1ea3i tr&iacute;, t&igrave;m cho m&igrave;nh m\\u1ed9t g&oacute;c nh\\u1ecf t\\u0129nh l\\u1eb5ng n\\u01a1i qu&aacute;n nh\\u1ecf, hay th\\u01b0 gi&atilde;n c&aacute;c spa&hellip;c&aacute;c b\\u1ea1n c&oacute; th\\u1ec3 tham kh\\u1ea3o m\\u1ed9t s\\u1ed1 khu vui ch\\u01a1i gi\\u1ea3i tr&iacute; d\\u01b0\\u1edbi \\u0111&acirc;y \\u1edf H&agrave; N\\u1ed9i:<\\/span><\\/p>","other_field_title":"","other_field_content":""}', 1, 1385630259),
(2, 'vi', 3, 1, 'Tin tc - S kin', 'tin-tuc-su-kien', 0, 1, '{"meta_title":"Tin t\\u1ee9c - S\\u1ef1 ki\\u1ec7n","meta_keyword":"Tin t\\u1ee9c - S\\u1ef1 ki\\u1ec7n","meta_description":"Tin t\\u1ee9c - S\\u1ef1 ki\\u1ec7n"}', 1, 1385632788),
(3, 'vi', 3, 1, 'Khuyn mi', 'khuyen-mai', 0, 2, '{"meta_title":"Khuy\\u1ebfn m\\u00e3i","meta_keyword":"Khuy\\u1ebfn m\\u00e3i","meta_description":"Khuy\\u1ebfn m\\u00e3i"}', 1, 1385632797),
(4, 'vi', 5, 1, 'Qung co', '', 0, 1, '{"meta_title":"Qu\\u1ea3ng c\\u00e1o","meta_keyword":"Qu\\u1ea3ng c\\u00e1o","meta_description":"Qu\\u1ea3ng c\\u00e1o"}', 1, 1385981457),
(5, 'vi', 4, 1, 'Du lch cng bng', 'du-lich-cong-bang', 0, 2, '{"introimage_id":"","meta_title":"Du l\\u1ecbch c\\u00f4ng b\\u1eb1ng","meta_keyword":"Du l\\u1ecbch c\\u00f4ng b\\u1eb1ng","meta_description":"Du l\\u1ecbch c\\u00f4ng b\\u1eb1ng","description":"<p style=\\"margin: 0px 0px 1em; padding: 0px; border: 0px; font-size: 14px; vertical-align: baseline; background-color: #ffffff; clear: both; font-family: Arial, ''Liberation Sans'', ''DejaVu Sans'', sans-serif; line-height: 18px;\\">But if I submit the form right after editing without switching back to rich editor [ using .show() ], the content will not be updated.<\\/p>\\r\\n<p style=\\"margin: 0px 0px 1em; padding: 0px; border: 0px; font-size: 14px; vertical-align: baseline; background-color: #ffffff; clear: both; font-family: Arial, ''Liberation Sans'', ''DejaVu Sans'', sans-serif; line-height: 18px;\\">My question is how can I save the content of textarea to iframe?<\\/p>\\r\\n<ol style=\\"margin: 0px 0px 1em 30px; padding: 0px; border: 0px; font-size: 14px; vertical-align: baseline; background-color: #ffffff; list-style-position: initial; list-style-image: initial; font-family: Arial, ''Liberation Sans'', ''DejaVu Sans'', sans-serif; line-height: 18px;\\">\\r\\n<li style=\\"margin: 0px; padding: 0px; border: 0px; vertical-align: baseline; background-color: transparent;\\">\\r\\n<p style=\\"margin: 0px 0px 1em; padding: 0px; border: 0px; vertical-align: baseline; background-color: transparent; clear: both;\\">Please do not offer me the \\"use the code window\\" option, I have a customized show\\/hide button outside of TinyMCE.<\\/p>\\r\\n<\\/li>\\r\\n<li style=\\"margin: 0px; padding: 0px; border: 0px; vertical-align: baseline; background-color: transparent;\\">\\r\\n<p style=\\"margin: 0px 0px 1em; padding: 0px; border: 0px; vertical-align: baseline; background-color: transparent; clear: both;\\">Switching by mceAddControl\\/mceRemoveControl will solve the problem. But when submitting, the content inside the textarea will not be formatted.<\\/p>\\r\\n<\\/li>\\r\\n<\\/ol>","extra":""}', 1, 1386837744),
(8, 'vi', 11, 1, 'Gii thiu website', '', 0, 2, '{"meta_title":"Gi\\u1edbi thi\\u1ec7u website","meta_keyword":"Gi\\u1edbi thi\\u1ec7u website","meta_description":"Gi\\u1edbi thi\\u1ec7u website"}', 1, 1387334094),
(9, 'vi', 3, 1, 'V chng ti', 've-chung-toi', 0, 3, '{"meta_title":"V\\u1ec1 ch\\u00fang t\\u00f4i","meta_keyword":"V\\u1ec1 ch\\u00fang t\\u00f4i","meta_description":"V\\u1ec1 ch\\u00fang t\\u00f4i"}', 1, 1387335483),
(10, 'vi', 3, 1, 'Du lch cng bng', 'du-lich-cong-bang', 0, 4, '{"meta_title":"Du l\\u1ecbch c\\u00f4ng b\\u1eb1ng","meta_keyword":"Du l\\u1ecbch c\\u00f4ng b\\u1eb1ng","meta_description":"Du l\\u1ecbch c\\u00f4ng b\\u1eb1ng"}', 1, 1387335658),
(11, 'vi', 3, 1, 'Pht trin a phng', 'phat-trien-dia-phuong', 0, 5, '{"meta_title":"Ph\\u00e1t tri\\u1ec3n \\u0111\\u1ecba ph\\u01b0\\u01a1ng","meta_keyword":"Ph\\u00e1t tri\\u1ec3n \\u0111\\u1ecba ph\\u01b0\\u01a1ng","meta_description":"Ph\\u00e1t tri\\u1ec3n \\u0111\\u1ecba ph\\u01b0\\u01a1ng"}', 1, 1387335704),
(12, 'vi', 6, 1, 'Nhc nn', '', 0, 1, '{"meta_title":"Nh\\u1ea1c n\\u1ec1n","meta_keyword":"Nh\\u1ea1c n\\u1ec1n","meta_description":"Nh\\u1ea1c n\\u1ec1n"}', 1, 1387338572),
(13, 'vi', 1, 1, 'Travel', '', 0, 1, '{"type_view":"2","introimage_id":"","meta_title":"Travel","meta_keyword":"Travel","meta_description":"Travel"}', 1, 1387354077),
(16, 'vi', 11, 1, 'Gii thiu tour', '', 0, 2, '{"meta_title":"Gi\\u1edbi thi\\u1ec7u tour","meta_keyword":"Gi\\u1edbi thi\\u1ec7u tour","meta_description":"Gi\\u1edbi thi\\u1ec7u tour"}', 1, 1387525080),
(17, 'vi', 12, 1, 'C nhn', '', 0, 1, '{"meta_title":"C\\u00e1 nh\\u00e2n","meta_keyword":"C\\u00e1 nh\\u00e2n","meta_description":"C\\u00e1 nh\\u00e2n"}', 1, 1387531305),
(18, 'vi', 12, 1, 'Doanh nghip', '', 0, 2, '{"meta_title":"Doanh nghi\\u1ec7p","meta_keyword":"Doanh nghi\\u1ec7p","meta_description":"Doanh nghi\\u1ec7p"}', 1, 1387531313),
(19, 'vi', 12, 1, 'Nh nc', '', 0, 3, '{"meta_title":"Nh\\u00e0 n\\u01b0\\u1edbc","meta_keyword":"Nh\\u00e0 n\\u01b0\\u1edbc","meta_description":"Nh\\u00e0 n\\u01b0\\u1edbc"}', 1, 1387531319),
(21, 'vi', 13, 1, 'Hanoi', 'hanoi', 0, 1, '{"introimage_id":"","meta_title":"Hanoi","meta_keyword":"Hanoi","meta_description":"Hanoi","description":"<p><strong>Gi\\u1edbi thi\\u1ec7u v\\u1ec1 H&agrave; N\\u1ed9i<\\/strong><\\/p>","extra":"<p>Ph&aacute;t tri\\u1ec3n \\u0111\\u1ecba ph\\u01b0\\u01a1ng \\u1edf H&agrave; N\\u1ed9i<\\/p>"}', 1, 1388473952),
(23, 'vi', 13, 1, 'La baie dHalong', 'la-baie-dhalong', 0, 3, '{"introimage_id":"","meta_title":"La baie d\\u2019Halong","meta_keyword":"La baie d\\u2019Halong","meta_description":"La baie d\\u2019Halong","description":"<div>\\r\\n<table cellspacing=\\"0\\" cellpadding=\\"0\\" align=\\"left\\">\\r\\n<tbody>\\r\\n<tr>\\r\\n<td style=\\"padding-top: 0cm; padding-right: 7.05pt; padding-bottom: 0cm; padding-left: 7.05pt;\\" align=\\"left\\" valign=\\"top\\">\\r\\n<p><span lang=\\"FR\\"><span style=\\"color: windowtext;\\">La baie d&rsquo;Halong<\\/span><\\/span><\\/p>\\r\\n<\\/td>\\r\\n<\\/tr>\\r\\n<\\/tbody>\\r\\n<\\/table>\\r\\n<\\/div>","extra":"<div>\\r\\n<table cellspacing=\\"0\\" cellpadding=\\"0\\" align=\\"left\\">\\r\\n<tbody>\\r\\n<tr>\\r\\n<td style=\\"padding-top: 0cm; padding-right: 7.05pt; padding-bottom: 0cm; padding-left: 7.05pt;\\" align=\\"left\\" valign=\\"top\\">\\r\\n<p><span lang=\\"FR\\"><span style=\\"color: windowtext;\\">La baie d&rsquo;Halong<\\/span><\\/span><\\/p>\\r\\n<\\/td>\\r\\n<\\/tr>\\r\\n<\\/tbody>\\r\\n<\\/table>\\r\\n<\\/div>"}', 1, 1388473997),
(24, 'vi', 13, 1, 'Tam Coc ou la baie dHalong terrestre', 'tam-coc-ou-la-baie-dhalong-terrestre', 0, 1, '{"introimage_id":"","meta_title":"Tam Coc ou la baie d\\u2019Halong terrestre","meta_keyword":"Tam Coc ou la baie d\\u2019Halong terrestre","meta_description":"Tam Coc ou la baie d\\u2019Halong terrestre","description":"<div>\\r\\n<table cellspacing=\\"0\\" cellpadding=\\"0\\" align=\\"left\\">\\r\\n<tbody>\\r\\n<tr>\\r\\n<td style=\\"padding-top: 0cm; padding-right: 7.05pt; padding-bottom: 0cm; padding-left: 7.05pt;\\" align=\\"left\\" valign=\\"top\\">\\r\\n<p><span lang=\\"FR\\"><span style=\\"color: windowtext;\\">Tam Coc ou la baie d&rsquo;Halong terrestre<\\/span><\\/span><\\/p>\\r\\n<\\/td>\\r\\n<\\/tr>\\r\\n<\\/tbody>\\r\\n<\\/table>\\r\\n<\\/div>","extra":"<div>\\r\\n<table cellspacing=\\"0\\" cellpadding=\\"0\\" align=\\"left\\">\\r\\n<tbody>\\r\\n<tr>\\r\\n<td style=\\"padding-top: 0cm; padding-right: 7.05pt; padding-bottom: 0cm; padding-left: 7.05pt;\\" align=\\"left\\" valign=\\"top\\">\\r\\n<p><span lang=\\"FR\\"><span style=\\"color: windowtext;\\">Tam Coc ou la baie d&rsquo;Halong terrestre<\\/span><\\/span><\\/p>\\r\\n<\\/td>\\r\\n<\\/tr>\\r\\n<\\/tbody>\\r\\n<\\/table>\\r\\n<\\/div>"}', 1, 1388474078),
(25, 'vi', 13, 1, 'Mai chau', 'mai-chau', 0, 4, '{"introimage_id":"","meta_title":"Mai chau","meta_keyword":"Mai chau","meta_description":"Mai chau","description":"<p>Mai chau<\\/p>","extra":"<p>Mai chau<\\/p>"}', 1, 1388727508),
(26, 'vi', 13, 1, 'Ha Giang', 'ha-giang', 0, 5, '{"introimage_id":"","meta_title":"Ha Giang","meta_keyword":"Ha Giang","meta_description":"Ha Giang","description":"<p>Ha Giang<\\/p>","extra":""}', 1, 1388727544),
(27, 'vi', 13, 1, 'Sapa', 'sapa', 0, 6, '{"introimage_id":"","meta_title":"Sapa","meta_keyword":"Sapa","meta_description":"Sapa","description":"<p>Sapa<\\/p>","extra":"<p>Sapa<\\/p>"}', 1, 1388727566),
(28, 'vi', 13, 1, 'Bac Ha', 'bac-ha', 0, 7, '{"introimage_id":"","meta_title":"Bac Ha","meta_keyword":"Bac Ha","meta_description":"Bac Ha","description":"<p>Bac Ha<\\/p>","extra":""}', 1, 1388727634),
(29, 'vi', 13, 1, 'Lac de Ba Be', 'lac-de-ba-be', 0, 8, '{"introimage_id":"","meta_title":"Lac de Ba Be","meta_keyword":"Lac de Ba Be","meta_description":"Lac de Ba Be","description":"<p>Lac de Ba Be<\\/p>","extra":"<p>Lac de Ba Be<\\/p>"}', 1, 1388727652),
(30, 'vi', 13, 1, 'Cao Bang', 'cao-bang', 0, 9, '{"introimage_id":"","meta_title":"Cao Bang","meta_keyword":"Cao Bang","meta_description":"Cao Bang","description":"<p>Cao Bang<\\/p>","extra":"<p>Cao Bang<\\/p>"}', 1, 1388727670),
(31, 'vi', 13, 1, 'Hu', 'hue', 0, 10, '{"introimage_id":"","meta_title":"Hu\\u00e9","meta_keyword":"Hu\\u00e9","meta_description":"Hu\\u00e9","description":"<p>Hu&eacute;<\\/p>","extra":"<p>Hu&eacute;<\\/p>"}', 1, 1388730047),
(32, 'vi', 13, 1, 'Hoi An', 'hoi-an', 0, 11, '{"introimage_id":"","meta_title":"Hoi An","meta_keyword":"Hoi An","meta_description":"Hoi An","description":"<p>Hoi An<\\/p>","extra":"<p>Hoi An<\\/p>"}', 1, 1388730062),
(33, 'vi', 13, 1, 'Nha Trang', 'nha-trang', 0, 12, '{"introimage_id":"","meta_title":"Nha Trang","meta_keyword":"Nha Trang","meta_description":"Nha Trang","description":"<p>Nha Trang<\\/p>","extra":"<p>Nha Trang<\\/p>"}', 1, 1388730078),
(34, 'vi', 13, 1, 'Dalat', 'dalat', 0, 13, '{"introimage_id":"","meta_title":"Dalat","meta_keyword":"Dalat","meta_description":"Dalat","description":"<p>Dalat<\\/p>","extra":"<p>Dalat<\\/p>"}', 1, 1388730113),
(35, 'vi', 13, 1, 'My Son', 'my-son', 0, 14, '{"introimage_id":"","meta_title":"My Son","meta_keyword":"My Son","meta_description":"My Son","description":"<p>My Son<\\/p>","extra":""}', 1, 1388730125),
(36, 'vi', 13, 1, 'Danang', 'danang', 0, 15, '{"introimage_id":"","meta_title":"Danang","meta_keyword":"Danang","meta_description":"Danang","description":"<p>Danang<\\/p>","extra":"<p>Danang<\\/p>"}', 1, 1388730140),
(37, 'vi', 13, 1, 'Ile de Cu Lao Cham', 'ile-de-cu-lao-cham', 0, 16, '{"introimage_id":"","meta_title":"Ile de Cu Lao Cham","meta_keyword":"Ile de Cu Lao Cham","meta_description":"Ile de Cu Lao Cham","description":"<p>Ile de Cu Lao Cham<\\/p>","extra":"<p>Ile de Cu Lao Cham<\\/p>"}', 1, 1388730153),
(38, 'vi', 13, 1, 'Ho Chi Minh ville', 'ho-chi-minh-ville', 0, 17, '{"introimage_id":"","meta_title":"Ho Chi Minh ville","meta_keyword":"Ho Chi Minh ville","meta_description":"Ho Chi Minh ville","description":"<p>Ho Chi Minh ville<\\/p>","extra":"<p>Ho Chi Minh ville<\\/p>"}', 1, 1388730180),
(39, 'vi', 13, 1, 'Mui Ne', 'mui-ne', 0, 18, '{"introimage_id":"","meta_title":"Mui Ne","meta_keyword":"Mui Ne","meta_description":"Mui Ne","description":"<p>Mui Ne<\\/p>","extra":""}', 1, 1388730236),
(40, 'vi', 13, 1, 'Phu Quoc', 'phu-quoc', 0, 19, '{"introimage_id":"","meta_title":"Phu Quoc","meta_keyword":"Phu Quoc","meta_description":"Phu Quoc","description":"","extra":""}', 1, 1388730248),
(41, 'vi', 13, 1, 'Can Tho', 'can-tho', 0, 20, '{"introimage_id":"","meta_title":"Can Tho","meta_keyword":"Can Tho","meta_description":"Can Tho","description":"","extra":""}', 1, 1388730258),
(42, 'vi', 13, 1, 'Ben Tre', 'ben-tre', 0, 21, '{"introimage_id":"","meta_title":"Ben Tre","meta_keyword":"Ben Tre","meta_description":"Ben Tre","description":"","extra":""}', 1, 1388730269),
(43, 'vi', 13, 1, 'Le delta du Mkong', 'le-delta-du-mekong', 0, 22, '{"introimage_id":"","meta_title":"Le delta du M\\u00e9kong","meta_keyword":"Le delta du M\\u00e9kong","meta_description":"Le delta du M\\u00e9kong","description":"","extra":""}', 1, 1388730281),
(44, 'vi', 13, 1, 'Con Dao', 'con-dao', 0, 23, '{"introimage_id":"","meta_title":"Con Dao","meta_keyword":"Con Dao","meta_description":"Con Dao","description":"<p>Con Dao<\\/p>","extra":""}', 1, 1388730313),
(45, 'vi', 13, 1, 'Cu Chi', 'cu-chi', 0, 24, '{"introimage_id":"","meta_title":"Cu Chi","meta_keyword":"Cu Chi","meta_description":"Cu Chi","description":"<p>Cu Chi<\\/p>","extra":""}', 1, 1388730325),
(46, 'vi', 11, 1, 'Chnh sch', '', 0, 3, '{"meta_title":"Ch\\u00ednh s\\u00e1ch","meta_keyword":"Ch\\u00ednh s\\u00e1ch","meta_description":"Ch\\u00ednh s\\u00e1ch"}', 1, 1388731142);

-- --------------------------------------------------------

--
-- Table structure for table `tbl_city`
--

CREATE TABLE IF NOT EXISTS `tbl_city` (
  `id` int(11) NOT NULL AUTO_INCREMENT,
  `language` char(8) NOT NULL,
  `type` tinyint(3) NOT NULL,
  `status` tinyint(1) NOT NULL,
  `name` varchar(256) NOT NULL,
  `alias` varchar(64) NOT NULL,
  `parent_id` int(11) NOT NULL,
  `order_view` tinyint(4) NOT NULL,
  `other` varchar(1024) NOT NULL,
  `created_by` int(11) NOT NULL,
  `created_time` int(11) NOT NULL,
  PRIMARY KEY (`id`)
) ENGINE=InnoDB  DEFAULT CHARSET=utf8 AUTO_INCREMENT=796 ;

--
-- Dumping data for table `tbl_city`
--

INSERT INTO `tbl_city` (`id`, `language`, `type`, `status`, `name`, `alias`, `parent_id`, `order_view`, `other`, `created_by`, `created_time`) VALUES
(21, 'vi', 0, 1, 'H Ni', 'ha-noi', 0, 64, '[]', 1, 1372926400),
(22, 'vi', 0, 1, 'TP. H Chi Minh', 'tp-ho-chi-minh', 0, 64, '[]', 1, 1372926400),
(23, 'vi', 0, 1, 'An Giang', 'an-giang', 0, 63, '[]', 1, 1372926400),
(24, 'vi', 0, 1, 'Bc Giang', 'bac-giang', 0, 62, '[]', 1, 1372926400),
(25, 'vi', 0, 1, 'Bc Kn', 'bac-kan', 0, 61, '[]', 1, 1372926401),
(26, 'vi', 0, 1, 'Bc Liu', 'bac-lieu', 0, 60, '[]', 1, 1372926401),
(27, 'vi', 0, 1, 'Bc Ninh', 'bac-ninh', 0, 59, '[]', 1, 1372926401),
(28, 'vi', 0, 1, 'Ba Ria - Vung Tau', 'ba-ria-vung-tau', 0, 58, '{"cost":""}', 1, 1372926401),
(29, 'vi', 0, 1, 'Bn Tre', 'ben-tre', 0, 57, '[]', 1, 1372926401),
(30, 'vi', 0, 1, 'Binh Dng', 'binh-duong', 0, 56, '[]', 1, 1372926402),
(31, 'vi', 0, 1, 'Binh Phc', 'binh-phuoc', 0, 55, '[]', 1, 1372926402),
(32, 'vi', 0, 1, 'Binh Thun', 'binh-thuan', 0, 54, '[]', 1, 1372926403),
(33, 'vi', 0, 1, 'Binh inh', 'binh-dinh', 0, 53, '[]', 1, 1372926403),
(34, 'vi', 0, 1, 'C Mau', 'ca-mau', 0, 52, '[]', 1, 1372926403),
(35, 'vi', 0, 1, 'Cao Bng', 'cao-bang', 0, 51, '[]', 1, 1372926404),
(36, 'vi', 0, 1, 'Cn Th', 'can-tho', 0, 50, '[]', 1, 1372926404),
(37, 'vi', 0, 1, 'Gia Lai', 'gia-lai', 0, 49, '[]', 1, 1372926405),
(38, 'vi', 0, 1, 'H Giang', 'ha-giang', 0, 48, '[]', 1, 1372926405),
(39, 'vi', 0, 1, 'H Nam', 'ha-nam', 0, 47, '[]', 1, 1372926406),
(40, 'vi', 0, 1, 'Hi Dng', 'hai-duong', 0, 46, '[]', 1, 1372926407),
(41, 'vi', 0, 1, 'Hi Phng', 'hai-phong', 0, 45, '[]', 1, 1372926408),
(42, 'vi', 0, 1, 'Ha Tinh', 'ha-tinh', 0, 44, '[]', 1, 1372926409),
(43, 'vi', 0, 1, 'Hu Giang', 'hau-giang', 0, 43, '[]', 1, 1372926409),
(44, 'vi', 0, 1, 'Ha Bnh', 'hoa-binh', 0, 42, '[]', 1, 1372926410),
(45, 'vi', 0, 1, 'Hng Yn', 'hung-yen', 0, 41, '[]', 1, 1372926411),
(46, 'vi', 0, 1, 'Khnh Ha', 'khanh-hoa', 0, 40, '[]', 1, 1372926412),
(47, 'vi', 0, 1, 'Kin Giang', 'kien-giang', 0, 39, '[]', 1, 1372926412),
(48, 'vi', 0, 1, 'Kon Tum', 'kon-tum', 0, 38, '[]', 1, 1372926413),
(49, 'vi', 0, 1, 'Lai Chu', 'lai-chau', 0, 37, '[]', 1, 1372926414),
(50, 'vi', 0, 1, 'Lm ng', 'lam-dong', 0, 36, '[]', 1, 1372926415),
(51, 'vi', 0, 1, 'Lng Sn', 'lang-son', 0, 35, '[]', 1, 1372926416),
(52, 'vi', 0, 1, 'Lo Cai', 'lao-cai', 0, 34, '[]', 1, 1372926417),
(53, 'vi', 0, 1, 'Long An', 'long-an', 0, 33, '[]', 1, 1372926418),
(54, 'vi', 0, 1, 'Nam nh', 'nam-dinh', 0, 32, '[]', 1, 1372926420),
(55, 'vi', 0, 1, 'Ngh An', 'nghe-an', 0, 31, '[]', 1, 1372926421),
(56, 'vi', 0, 1, 'Ninh Bnh', 'ninh-binh', 0, 30, '[]', 1, 1372926422),
(57, 'vi', 0, 1, 'Ninh Thun', 'ninh-thuan', 0, 29, '[]', 1, 1372926423),
(58, 'vi', 0, 1, 'Ph Th', 'phu-tho', 0, 28, '[]', 1, 1372926425),
(59, 'vi', 0, 1, 'Ph Yn', 'phu-yen', 0, 27, '[]', 1, 1372926426),
(60, 'vi', 0, 1, 'Qung Ninh', 'quang-ninh', 0, 26, '[]', 1, 1372926427),
(61, 'vi', 0, 1, 'Quang Binh', 'quang-binh', 0, 25, '[]', 1, 1372926428),
(62, 'vi', 0, 1, 'Quang Nam', 'quang-nam', 0, 24, '[]', 1, 1372926430),
(63, 'vi', 0, 1, 'Quang Ngai', 'quang-ngai', 0, 23, '[]', 1, 1372926432),
(64, 'vi', 0, 1, 'Quang Tri', 'quang-tri', 0, 22, '[]', 1, 1372926433),
(65, 'vi', 0, 1, 'Sc Trng', 'soc-trang', 0, 21, '[]', 1, 1372926435),
(66, 'vi', 0, 1, 'Sn La', 'son-la', 0, 20, '[]', 1, 1372926436),
(67, 'vi', 0, 1, 'Ty Ninh', 'tay-ninh', 0, 19, '[]', 1, 1372926438),
(68, 'vi', 0, 1, 'Thi Bnh', 'thai-binh', 0, 18, '[]', 1, 1372926439),
(69, 'vi', 0, 1, 'Thi Nguyn', 'thai-nguyen', 0, 17, '[]', 1, 1372926441),
(70, 'vi', 0, 1, 'Thanh Ha', 'thanh-hoa', 0, 16, '[]', 1, 1372926443),
(71, 'vi', 0, 1, 'Tha Thin Hu', 'thua-thien-hue', 0, 15, '[]', 1, 1372926444),
(72, 'vi', 0, 1, 'Tin Giang', 'tien-giang', 0, 14, '[]', 1, 1372926446),
(73, 'vi', 0, 1, 'Tr Vinh', 'tra-vinh', 0, 13, '[]', 1, 1372926448),
(74, 'vi', 0, 1, 'Tuyn Quang', 'tuyen-quang', 0, 12, '[]', 1, 1372926449),
(75, 'vi', 0, 1, 'Vnh Phc', 'vinh-phuc', 0, 11, '[]', 1, 1372926452),
(76, 'vi', 0, 1, 'Vinh Long', 'vinh-long', 0, 10, '[]', 1, 1372926453),
(77, 'vi', 0, 1, 'Yn Bi', 'yen-bai', 0, 9, '[]', 1, 1372926455),
(78, 'vi', 0, 1, ' Nng', 'da-nang', 0, 8, '[]', 1, 1372926457),
(79, 'vi', 0, 1, 'k Lk', 'dak-lak', 0, 7, '[]', 1, 1372926459),
(80, 'vi', 0, 1, 'k Nng', 'dak-nong', 0, 6, '[]', 1, 1372926461),
(81, 'vi', 0, 1, 'in Bin', 'dien-bien', 0, 5, '[]', 1, 1372926464),
(82, 'vi', 0, 1, 'ng Nai', 'dong-nai', 0, 4, '[]', 1, 1372926466),
(83, 'vi', 0, 1, 'ng Thap', 'dong-thap', 0, 3, '[]', 1, 1372926468),
(84, 'vi', 1, 1, 'Th X Sn Ty', 'thi-xa-son-tay', 21, 29, '[]', 1, 1372926927),
(85, 'vi', 1, 1, 'Qun Thanh Xun', 'quan-thanh-xuan', 21, 28, '[]', 1, 1372926927),
(86, 'vi', 1, 1, 'Qun Ty H', 'quan-tay-ho', 21, 27, '[]', 1, 1372926927),
(87, 'vi', 1, 1, 'Qun Long Bin', 'quan-long-bien', 21, 26, '[]', 1, 1372926927),
(88, 'vi', 1, 1, 'Qun Hong Mai', 'quan-hoang-mai', 21, 25, '[]', 1, 1372926927),
(89, 'vi', 1, 1, 'Qun Hon Kim', 'quan-hoan-kiem', 21, 24, '[]', 1, 1372926927),
(90, 'vi', 1, 1, 'Qun Hai B Trng', 'quan-hai-ba-trung', 21, 23, '[]', 1, 1372926927),
(91, 'vi', 1, 1, 'Qun H ng', 'quan-ha-dong', 21, 22, '[]', 1, 1372926928),
(92, 'vi', 1, 1, 'Qun ng a', 'quan-dong-da', 21, 21, '[]', 1, 1372926928),
(93, 'vi', 1, 1, 'Qun Cu Giy', 'quan-cau-giay', 21, 20, '[]', 1, 1372926928),
(94, 'vi', 1, 1, 'Qun Ba nh', 'quan-ba-dinh', 21, 19, '[]', 1, 1372926929),
(95, 'vi', 1, 1, 'Huyn ng Ha', 'huyen-ung-hoa', 21, 18, '[]', 1, 1372926929),
(96, 'vi', 1, 1, 'Huyn T Lim', 'huyen-tu-liem', 21, 17, '[]', 1, 1372926930),
(97, 'vi', 1, 1, 'Huyn Thng Tn', 'huyen-thuong-tin', 21, 16, '[]', 1, 1372926930),
(98, 'vi', 1, 1, 'Huyn Thanh Tr', 'huyen-thanh-tri', 21, 15, '[]', 1, 1372926931),
(99, 'vi', 1, 1, 'Huyn Thanh Oai', 'huyen-thanh-oai', 21, 14, '[]', 1, 1372926931),
(100, 'vi', 1, 1, 'Huyn Thch Tht', 'huyen-thach-that', 21, 13, '[]', 1, 1372926932),
(101, 'vi', 1, 1, 'Huyn Sc Sn', 'huyen-soc-son', 21, 12, '[]', 1, 1372926932),
(102, 'vi', 1, 1, 'Huyn Quc Oai', 'huyen-quoc-oai', 21, 11, '[]', 1, 1372926933),
(103, 'vi', 1, 1, 'Huyn Phc Th', 'huyen-phuc-tho', 21, 10, '[]', 1, 1372926933),
(104, 'vi', 1, 1, 'Huyn Ph Xuyn', 'huyen-phu-xuyen', 21, 9, '[]', 1, 1372926935),
(105, 'vi', 1, 1, 'Huyn M c', 'huyen-my-duc', 21, 8, '[]', 1, 1372926935),
(106, 'vi', 1, 1, 'Huyn M Linh', 'huyen-me-linh', 21, 7, '[]', 1, 1372926936),
(107, 'vi', 1, 1, 'Huyn Hoi c', 'huyen-hoai-duc', 21, 6, '[]', 1, 1372926937),
(108, 'vi', 1, 1, 'Huyn Gia Lm', 'huyen-gia-lam', 21, 5, '[]', 1, 1372926937),
(109, 'vi', 1, 1, 'Huyn ng Anh', 'huyen-dong-anh', 21, 4, '[]', 1, 1372926938),
(110, 'vi', 1, 1, 'Huyn an Phng', 'huyen-dan-phuong', 21, 3, '[]', 1, 1372926939),
(111, 'vi', 1, 1, 'Huyn Chng M', 'huyen-chuong-my', 21, 2, '[]', 1, 1372926940),
(112, 'vi', 1, 1, 'Huyn Ba V', 'huyen-ba-vi', 21, 1, '[]', 1, 1372926941),
(113, 'vi', 1, 1, 'Qun Th c', 'quan-thu-duc', 22, 24, '[]', 1, 1372927007),
(114, 'vi', 1, 1, 'Qun Tn Ph', 'quan-tan-phu', 22, 23, '[]', 1, 1372927007),
(115, 'vi', 1, 1, 'Qun Tn Bnh', 'quan-tan-binh', 22, 22, '[]', 1, 1372927007),
(116, 'vi', 1, 1, 'Qun Ph Nhun', 'quan-phu-nhuan', 22, 21, '[]', 1, 1372927007),
(117, 'vi', 1, 1, 'Qun G Vp', 'quan-go-vap', 22, 20, '[]', 1, 1372927007),
(118, 'vi', 1, 1, 'Qun Bnh Thnh', 'quan-binh-thanh', 22, 19, '[]', 1, 1372927008),
(119, 'vi', 1, 1, 'Qun Bnh Tn', 'quan-binh-tan', 22, 18, '[]', 1, 1372927008),
(120, 'vi', 1, 1, 'Qun 9', 'quan-9', 22, 17, '[]', 1, 1372927008),
(121, 'vi', 1, 1, 'Qun 8', 'quan-8', 22, 16, '[]', 1, 1372927008),
(122, 'vi', 1, 1, 'Qun 7', 'quan-7', 22, 15, '[]', 1, 1372927008),
(123, 'vi', 1, 1, 'Qun 6', 'quan-6', 22, 14, '[]', 1, 1372927009),
(124, 'vi', 1, 1, 'Qun 5', 'quan-5', 22, 13, '[]', 1, 1372927009),
(125, 'vi', 1, 1, 'Qun 4', 'quan-4', 22, 12, '[]', 1, 1372927010),
(126, 'vi', 1, 1, 'Qun 3', 'quan-3', 22, 11, '[]', 1, 1372927010),
(127, 'vi', 1, 1, 'Qun 2', 'quan-2', 22, 10, '[]', 1, 1372927010),
(128, 'vi', 1, 1, 'Qun 12', 'quan-12', 22, 9, '[]', 1, 1372927011),
(129, 'vi', 1, 1, 'Qun 11', 'quan-11', 22, 8, '[]', 1, 1372927011),
(130, 'vi', 1, 1, 'Qun 10', 'quan-10', 22, 7, '[]', 1, 1372927012),
(131, 'vi', 1, 1, 'Qun 1', 'quan-1', 22, 6, '[]', 1, 1372927012),
(132, 'vi', 1, 1, 'Huyn Nh B', 'huyen-nha-be', 22, 5, '[]', 1, 1372927013),
(133, 'vi', 1, 1, 'Huyn Hc Mn', 'huyen-hoc-mon', 22, 4, '[]', 1, 1372927014),
(134, 'vi', 1, 1, 'Huyn C Chi', 'huyen-cu-chi', 22, 3, '[]', 1, 1372927015),
(135, 'vi', 1, 1, 'Huyn Cn Gi', 'huyen-can-gio', 22, 2, '[]', 1, 1372927016),
(136, 'vi', 1, 1, 'Huyn Bnh Chnh', 'huyen-binh-chanh', 22, 1, '[]', 1, 1372927016),
(137, 'vi', 1, 1, 'Th X Tn Chu', 'thi-xa-tan-chau', 23, 11, '[]', 1, 1372927048),
(138, 'vi', 1, 1, 'Th X Chu c', 'thi-xa-chau-doc', 23, 10, '[]', 1, 1372927048),
(139, 'vi', 1, 1, 'Thnh Ph Long Xuyn', 'thanh-pho-long-xuyen', 23, 9, '[]', 1, 1372927048),
(140, 'vi', 1, 1, 'Huyn Tri Tn', 'huyen-tri-ton', 23, 8, '[]', 1, 1372927049),
(141, 'vi', 1, 1, 'Huyn Tnh Bin', 'huyen-tinh-bien', 23, 7, '[]', 1, 1372927049),
(142, 'vi', 1, 1, 'Huyn Thoi Sn', 'huyen-thoai-son', 23, 6, '[]', 1, 1372927049),
(143, 'vi', 1, 1, 'Huyn Ph Tn', 'huyen-phu-tan', 23, 5, '[]', 1, 1372927049),
(144, 'vi', 1, 1, 'Huyn Ch Mi', 'huyen-cho-moi', 23, 4, '[]', 1, 1372927049),
(145, 'vi', 1, 1, 'Huyn Chu Thnh', 'huyen-chau-thanh', 23, 3, '[]', 1, 1372927049),
(146, 'vi', 1, 1, 'Huyn Chu Ph', 'huyen-chau-phu', 23, 2, '[]', 1, 1372927050),
(147, 'vi', 1, 1, 'Huyn An Ph', 'huyen-an-phu', 23, 1, '[]', 1, 1372927050),
(148, 'vi', 1, 1, 'Thnh Ph Bc Giang', 'thanh-pho-bac-giang', 24, 10, '[]', 1, 1372927077),
(149, 'vi', 1, 1, 'Huyn Yn Th', 'huyen-yen-the', 24, 9, '[]', 1, 1372927077),
(150, 'vi', 1, 1, 'Huyn Yn Dng', 'huyen-yen-dung', 24, 8, '[]', 1, 1372927077),
(151, 'vi', 1, 1, 'Huyn Vit Yn', 'huyen-viet-yen', 24, 7, '[]', 1, 1372927077),
(152, 'vi', 1, 1, 'Huyn Tn Yn', 'huyen-tan-yen', 24, 6, '[]', 1, 1372927077),
(153, 'vi', 1, 1, 'Huyn Sn ng', 'huyen-son-dong', 24, 5, '[]', 1, 1372927077),
(154, 'vi', 1, 1, 'Huyn Lc Ngn', 'huyen-luc-ngan', 24, 4, '[]', 1, 1372927077),
(155, 'vi', 1, 1, 'Huyn Lc Nam', 'huyen-luc-nam', 24, 3, '[]', 1, 1372927078),
(156, 'vi', 1, 1, 'Huyn Lng Giang', 'huyen-lang-giang', 24, 2, '[]', 1, 1372927078),
(157, 'vi', 1, 1, 'Huyn Hip Ha', 'huyen-hiep-hoa', 24, 1, '[]', 1, 1372927078),
(158, 'vi', 1, 1, 'Th X Bc Kn', 'thi-xa-bac-kan', 25, 8, '[]', 1, 1372927116),
(159, 'vi', 1, 1, 'Huyn Pc Nm', 'huyen-pac-nam', 25, 7, '[]', 1, 1372927116),
(160, 'vi', 1, 1, 'Huyn Ngn Sn', 'huyen-ngan-son', 25, 6, '[]', 1, 1372927116),
(161, 'vi', 1, 1, 'Huyn Na R', 'huyen-na-ri', 25, 5, '[]', 1, 1372927116),
(162, 'vi', 1, 1, 'Huyn Ch Mi', 'huyen-cho-moi', 25, 4, '[]', 1, 1372927116),
(163, 'vi', 1, 1, 'Huyn Ch n', 'huyen-cho-don', 25, 3, '[]', 1, 1372927116),
(164, 'vi', 1, 1, 'Huyn Bch Thng', 'huyen-bach-thong', 25, 2, '[]', 1, 1372927116),
(165, 'vi', 1, 1, 'Huyn Ba B', 'huyen-ba-be', 25, 1, '[]', 1, 1372927117),
(166, 'vi', 1, 1, 'Th X Bc Liu', 'thi-xa-bac-lieu', 26, 7, '[]', 1, 1372927144),
(167, 'vi', 1, 1, 'Huyn Vnh Li', 'huyen-vinh-loi', 26, 6, '[]', 1, 1372927144),
(168, 'vi', 1, 1, 'Huyn Phc Long', 'huyen-phuoc-long', 26, 5, '[]', 1, 1372927144),
(169, 'vi', 1, 1, 'Huyn Hng Dn', 'huyen-hong-dan', 26, 4, '[]', 1, 1372927144),
(170, 'vi', 1, 1, 'Huyn Ha Bnh', 'huyen-hoa-binh', 26, 3, '[]', 1, 1372927144),
(171, 'vi', 1, 1, 'Huyn Gi Rai', 'huyen-gia-rai', 26, 2, '[]', 1, 1372927144),
(172, 'vi', 1, 1, 'Huyn ng Hi', 'huyen-dong-hai', 26, 1, '[]', 1, 1372927145),
(173, 'vi', 1, 1, 'Th X T Sn', 'thi-xa-tu-son', 27, 8, '[]', 1, 1372927167),
(174, 'vi', 1, 1, 'Thnh Ph Bc Ninh', 'thanh-pho-bac-ninh', 27, 7, '[]', 1, 1372927167),
(175, 'vi', 1, 1, 'Huyn Yn Phong', 'huyen-yen-phong', 27, 6, '[]', 1, 1372927167),
(176, 'vi', 1, 1, 'Huyn Tin Du', 'huyen-tien-du', 27, 5, '[]', 1, 1372927167),
(177, 'vi', 1, 1, 'Huyn Thun Thnh', 'huyen-thuan-thanh', 27, 4, '[]', 1, 1372927167),
(178, 'vi', 1, 1, 'Huyn Qu V', 'huyen-que-vo', 27, 3, '[]', 1, 1372927167),
(179, 'vi', 1, 1, 'Huyn Lng TI', 'huyen-luong-tai', 27, 2, '[]', 1, 1372927168),
(180, 'vi', 1, 1, 'Huyn Gia Bnh', 'huyen-gia-binh', 27, 1, '[]', 1, 1372927168),
(181, 'vi', 1, 1, 'Th X B Ra', 'thi-xa-ba-ria', 28, 8, '[]', 1, 1372927185),
(182, 'vi', 1, 1, 'Thnh Ph Vng Tu', 'thanh-pho-vung-tau', 28, 7, '[]', 1, 1372927186),
(183, 'vi', 1, 1, 'Huyn Xuyn Mc', 'huyen-xuyen-moc', 28, 6, '[]', 1, 1372927186),
(184, 'vi', 1, 1, 'Huyn Tn Thnh', 'huyen-tan-thanh', 28, 5, '[]', 1, 1372927186),
(185, 'vi', 1, 1, 'Huyn Long in', 'huyen-long-dien', 28, 4, '[]', 1, 1372927186),
(186, 'vi', 1, 1, 'Huyn t ', 'huyen-dat-do', 28, 3, '[]', 1, 1372927186),
(187, 'vi', 1, 1, 'Huyn Cn o', 'huyen-con-dao', 28, 2, '[]', 1, 1372927186),
(188, 'vi', 1, 1, 'Huyn Chu c', 'huyen-chau-duc', 28, 1, '[]', 1, 1372927186),
(189, 'vi', 1, 1, 'Thnh Ph Bn Tre', 'thanh-pho-ben-tre', 29, 9, '[]', 1, 1372927223),
(190, 'vi', 1, 1, 'Huyn Thnh Ph', 'huyen-thanh-phu', 29, 8, '[]', 1, 1372927223),
(191, 'vi', 1, 1, 'Huyn M Cy Nam', 'huyen-mo-cay-nam', 29, 7, '[]', 1, 1372927223),
(192, 'vi', 1, 1, 'Huyn M Cy Bc', 'huyen-mo-cay-bac', 29, 6, '[]', 1, 1372927223),
(193, 'vi', 1, 1, 'Huyn Ging Trm', 'huyen-giong-trom', 29, 5, '[]', 1, 1372927223),
(194, 'vi', 1, 1, 'Huyn Ch Lch', 'huyen-cho-lach', 29, 4, '[]', 1, 1372927223),
(195, 'vi', 1, 1, 'Huyn Chu Thnh', 'huyen-chau-thanh', 29, 3, '[]', 1, 1372927223),
(196, 'vi', 1, 1, 'Huyn Bnh i', '', 29, 2, '[]', 1, 1372927223),
(197, 'vi', 1, 1, 'Huyn Ba Tri', '', 29, 1, '[]', 1, 1372927224),
(198, 'vi', 1, 1, 'Th X Th Du Mt', '', 30, 7, '[]', 1, 1372927241),
(199, 'vi', 1, 1, 'Huyn Thun An', '', 30, 6, '[]', 1, 1372927241),
(200, 'vi', 1, 1, 'Huyn Tn Uyn', '', 30, 5, '[]', 1, 1372927241),
(201, 'vi', 1, 1, 'Huyn Ph Gio', '', 30, 4, '[]', 1, 1372927241),
(202, 'vi', 1, 1, 'Huyn D An', '', 30, 3, '[]', 1, 1372927242),
(203, 'vi', 1, 1, 'Huyn Du Ting', '', 30, 2, '[]', 1, 1372927242),
(204, 'vi', 1, 1, 'Huyn Bn Ct', '', 30, 1, '[]', 1, 1372927242),
(205, 'vi', 1, 1, 'Th X Phc Long', '', 31, 10, '[]', 1, 1372927268),
(206, 'vi', 1, 1, 'Th X ng Xoi', '', 31, 9, '[]', 1, 1372927268),
(207, 'vi', 1, 1, 'Th X Bnh Long', '', 31, 8, '[]', 1, 1372927268),
(208, 'vi', 1, 1, 'Huyn Lc Ninh', '', 31, 7, '[]', 1, 1372927268),
(209, 'vi', 1, 1, 'Huyn Hn Qun', '', 31, 6, '[]', 1, 1372927268),
(210, 'vi', 1, 1, 'Huyn ng Ph', '', 31, 5, '[]', 1, 1372927268),
(211, 'vi', 1, 1, 'Huyn Chn Thnh', '', 31, 4, '[]', 1, 1372927268),
(212, 'vi', 1, 1, 'Huyn B Gia Mp', '', 31, 3, '[]', 1, 1372927269),
(213, 'vi', 1, 1, 'Huyn B p', '', 31, 2, '[]', 1, 1372927269),
(214, 'vi', 1, 1, 'Huyn B ng', '', 31, 1, '[]', 1, 1372927269),
(215, 'vi', 1, 1, 'Th X La Gi', '', 32, 10, '[]', 1, 1372927288),
(216, 'vi', 1, 1, 'Thnh Ph Phan Thit', '', 32, 9, '[]', 1, 1372927288),
(217, 'vi', 1, 1, 'Huyn Tuy Phong', '', 32, 8, '[]', 1, 1372927288),
(218, 'vi', 1, 1, 'Huyn Tnh Linh', '', 32, 7, '[]', 1, 1372927288),
(219, 'vi', 1, 1, 'Huyn Hm Thun Nam', '', 32, 6, '[]', 1, 1372927288),
(220, 'vi', 1, 1, 'Huyn Hm Thun Bc', '', 32, 5, '[]', 1, 1372927288),
(221, 'vi', 1, 1, 'Huyn Hm Tn', '', 32, 4, '[]', 1, 1372927289),
(222, 'vi', 1, 1, 'Huyn c Linh', '', 32, 3, '[]', 1, 1372927289),
(223, 'vi', 1, 1, 'Huyn o Ph Qu', '', 32, 2, '[]', 1, 1372927289),
(224, 'vi', 1, 1, 'Huyn Bc Bnh', '', 32, 1, '[]', 1, 1372927289),
(225, 'vi', 1, 1, 'Thnh Ph Quy Nhn', '', 33, 10, '[]', 1, 1372927307),
(226, 'vi', 1, 1, 'Huyn Vnh Thnh', '', 33, 9, '[]', 1, 1372927307),
(227, 'vi', 1, 1, 'Huyn Vn Canh', '', 33, 8, '[]', 1, 1372927307),
(228, 'vi', 1, 1, 'Huyn Tuy Phc', '', 33, 7, '[]', 1, 1372927307),
(229, 'vi', 1, 1, 'Huyn Ty Sn', '', 33, 6, '[]', 1, 1372927307),
(230, 'vi', 1, 1, 'Huyn Ph M', '', 33, 5, '[]', 1, 1372927307),
(231, 'vi', 1, 1, 'Huyn Ph Ct', '', 33, 4, '[]', 1, 1372927307),
(232, 'vi', 1, 1, 'Huyn HoI Nhn', '', 33, 3, '[]', 1, 1372927308),
(233, 'vi', 1, 1, 'Huyn HoI n', '', 33, 2, '[]', 1, 1372927308),
(234, 'vi', 1, 1, 'Huyn An Nhn', '', 33, 1, '[]', 1, 1372927308),
(235, 'vi', 1, 1, 'Thnh Ph C Mau', '', 34, 9, '[]', 1, 1372927328),
(236, 'vi', 1, 1, 'Huyn U Minh', '', 34, 8, '[]', 1, 1372927328),
(237, 'vi', 1, 1, 'Huyn Trn Vn Thi', '', 34, 7, '[]', 1, 1372927328),
(238, 'vi', 1, 1, 'Huyn Thi Bnh', '', 34, 6, '[]', 1, 1372927328),
(239, 'vi', 1, 1, 'Huyn Ph Tn', '', 34, 5, '[]', 1, 1372927328),
(240, 'vi', 1, 1, 'Huyn Ngc Hin', '', 34, 4, '[]', 1, 1372927328),
(241, 'vi', 1, 1, 'Huyn Nm Cn', '', 34, 3, '[]', 1, 1372927329),
(242, 'vi', 1, 1, 'Huyn m Di', '', 34, 2, '[]', 1, 1372927329),
(243, 'vi', 1, 1, 'Huyn Ci Nc', '', 34, 1, '[]', 1, 1372927329),
(244, 'vi', 1, 1, 'Th X Cao Bng', '', 35, 13, '[]', 1, 1372927406),
(245, 'vi', 1, 1, 'Huyn Trng Khnh', '', 35, 12, '[]', 1, 1372927406),
(246, 'vi', 1, 1, 'Huyn Tr Lnh', '', 35, 11, '[]', 1, 1372927407),
(247, 'vi', 1, 1, 'Huyn Thng Nng', '', 35, 10, '[]', 1, 1372927407),
(248, 'vi', 1, 1, 'Huyn Thch An', '', 35, 9, '[]', 1, 1372927407),
(249, 'vi', 1, 1, 'Huyn Qung Uyn', '', 35, 8, '[]', 1, 1372927407),
(250, 'vi', 1, 1, 'Huyn Phc Ha', '', 35, 7, '[]', 1, 1372927407),
(251, 'vi', 1, 1, 'Huyn Nguyn Bnh', '', 35, 6, '[]', 1, 1372927407),
(252, 'vi', 1, 1, 'Huyn Ha An', '', 35, 5, '[]', 1, 1372927408),
(253, 'vi', 1, 1, 'Huyn H Qung', '', 35, 4, '[]', 1, 1372927408),
(254, 'vi', 1, 1, 'Huyn H Lang', '', 35, 3, '[]', 1, 1372927408),
(255, 'vi', 1, 1, 'Huyn Bo Lm', '', 35, 2, '[]', 1, 1372927409),
(256, 'vi', 1, 1, 'Huyn Bo Lc', '', 35, 1, '[]', 1, 1372927409),
(257, 'vi', 1, 1, 'Th X Ng By', '', 36, 12, '[]', 1, 1372927429),
(258, 'vi', 1, 1, 'Qun Tht Nt', '', 36, 11, '[]', 1, 1372927429),
(259, 'vi', 1, 1, 'Qun  Mn', '', 36, 10, '[]', 1, 1372927429),
(260, 'vi', 1, 1, 'Qun Ninh Kiu', '', 36, 9, '[]', 1, 1372927429),
(261, 'vi', 1, 1, 'Qun Ci Rng', '', 36, 8, '[]', 1, 1372927430),
(262, 'vi', 1, 1, 'Qun Bnh Thy', '', 36, 7, '[]', 1, 1372927430),
(263, 'vi', 1, 1, 'Huyn Vnh Thnh', '', 36, 6, '[]', 1, 1372927430),
(264, 'vi', 1, 1, 'Huyn Thi Lai', '', 36, 5, '[]', 1, 1372927430),
(265, 'vi', 1, 1, 'Huyn Phng Hip', '', 36, 4, '[]', 1, 1372927430),
(266, 'vi', 1, 1, 'Huyn Phong in', '', 36, 3, '[]', 1, 1372927431),
(267, 'vi', 1, 1, 'Huyn C ', '', 36, 2, '[]', 1, 1372927431),
(268, 'vi', 1, 1, 'Huyn Chu Thnh A', '', 36, 1, '[]', 1, 1372927431),
(269, 'vi', 1, 1, 'Th X Ayun Pa', '', 37, 17, '[]', 1, 1372927471),
(270, 'vi', 1, 1, 'Th X An Kh', '', 37, 16, '[]', 1, 1372927471),
(271, 'vi', 1, 1, 'Thnh Ph Pleiku', '', 37, 15, '[]', 1, 1372927471),
(272, 'vi', 1, 1, 'Huyn Ph Thin', '', 37, 14, '[]', 1, 1372927471),
(273, 'vi', 1, 1, 'Huyn Mang Yang', '', 37, 13, '[]', 1, 1372927471),
(274, 'vi', 1, 1, 'Huyn Krng Pa', '', 37, 12, '[]', 1, 1372927471),
(275, 'vi', 1, 1, 'Huyn Kng Chro', '', 37, 11, '[]', 1, 1372927471),
(276, 'vi', 1, 1, 'Huyn Kbang', '', 37, 10, '[]', 1, 1372927472),
(277, 'vi', 1, 1, 'Huyn Ia Pa', '', 37, 9, '[]', 1, 1372927472),
(278, 'vi', 1, 1, 'Huyn Ia Grai', '', 37, 8, '[]', 1, 1372927472),
(279, 'vi', 1, 1, 'Huyn c C', '', 37, 7, '[]', 1, 1372927473),
(280, 'vi', 1, 1, 'Huyn k P', '', 37, 6, '[]', 1, 1372927473),
(281, 'vi', 1, 1, 'Huyn k oa', '', 37, 5, '[]', 1, 1372927473),
(282, 'vi', 1, 1, 'Huyn Ch S', '', 37, 4, '[]', 1, 1372927474),
(283, 'vi', 1, 1, 'Huyn Ch Ph', '', 37, 3, '[]', 1, 1372927474),
(284, 'vi', 1, 1, 'Huyn Ch Prng', '', 37, 2, '[]', 1, 1372927475),
(285, 'vi', 1, 1, 'Huyn Ch Ph', '', 37, 1, '[]', 1, 1372927475),
(286, 'vi', 1, 1, 'Th X H Giang', '', 38, 11, '[]', 1, 1372927632),
(287, 'vi', 1, 1, 'Huyn Yn Minh', '', 38, 10, '[]', 1, 1372927632),
(288, 'vi', 1, 1, 'Huyn Xn Mn', '', 38, 9, '[]', 1, 1372927632),
(289, 'vi', 1, 1, 'Huyn V Xuyn', '', 38, 8, '[]', 1, 1372927632),
(290, 'vi', 1, 1, 'Huyn Quang Bnh', '', 38, 7, '[]', 1, 1372927632),
(291, 'vi', 1, 1, 'Huyn Qun B', '', 38, 6, '[]', 1, 1372927632),
(292, 'vi', 1, 1, 'Huyn Mo Vc', '', 38, 5, '[]', 1, 1372927632),
(293, 'vi', 1, 1, 'Huyn Hong Su Ph', '', 38, 4, '[]', 1, 1372927633),
(294, 'vi', 1, 1, 'Huyn ng Vn', '', 38, 3, '[]', 1, 1372927633),
(295, 'vi', 1, 1, 'Huyn Bc Quang', '', 38, 2, '[]', 1, 1372927633),
(296, 'vi', 1, 1, 'Huyn Bc M', '', 38, 1, '[]', 1, 1372927633),
(297, 'vi', 1, 1, 'Thnh Ph Ph L', '', 39, 6, '[]', 1, 1372927648),
(298, 'vi', 1, 1, 'Huyn Thanh Lim', '', 39, 5, '[]', 1, 1372927648),
(299, 'vi', 1, 1, 'Huyn L Nhn', '', 39, 4, '[]', 1, 1372927648),
(300, 'vi', 1, 1, 'Huyn Kim Bng', '', 39, 3, '[]', 1, 1372927649),
(301, 'vi', 1, 1, 'Huyn Duy Tin', '', 39, 2, '[]', 1, 1372927649),
(302, 'vi', 1, 1, 'Huyn Bnh Lc', '', 39, 1, '[]', 1, 1372927649),
(303, 'vi', 1, 1, 'Th X Ch Linh', '', 40, 12, '[]', 1, 1372927664),
(304, 'vi', 1, 1, 'Thnh Ph Hi Dng', '', 40, 11, '[]', 1, 1372927665),
(305, 'vi', 1, 1, 'Huyn T K', '', 40, 10, '[]', 1, 1372927665),
(306, 'vi', 1, 1, 'Huyn Thanh Min', '', 40, 9, '[]', 1, 1372927665),
(307, 'vi', 1, 1, 'Huyn Thanh H', '', 40, 8, '[]', 1, 1372927665),
(308, 'vi', 1, 1, 'Huyn Ninh Giang', '', 40, 7, '[]', 1, 1372927665),
(309, 'vi', 1, 1, 'Huyn Nam Sch', '', 40, 6, '[]', 1, 1372927665),
(310, 'vi', 1, 1, 'Huyn Kinh Mn', '', 40, 5, '[]', 1, 1372927665),
(311, 'vi', 1, 1, 'Huyn Kim Thnh', '', 40, 4, '[]', 1, 1372927666),
(312, 'vi', 1, 1, 'Huyn Gia Lc', '', 40, 3, '[]', 1, 1372927666),
(313, 'vi', 1, 1, 'Huyn Cm Ging', '', 40, 2, '[]', 1, 1372927666),
(314, 'vi', 1, 1, 'Huyn Bnh Giang', '', 40, 1, '[]', 1, 1372927667),
(315, 'vi', 1, 1, 'Qun Ng Quyn', '', 41, 15, '[]', 1, 1372927687),
(316, 'vi', 1, 1, 'Qun L Chn', '', 41, 14, '[]', 1, 1372927687),
(317, 'vi', 1, 1, 'Qun Kin An', '', 41, 13, '[]', 1, 1372927687),
(318, 'vi', 1, 1, 'Qun Hng Bng', '', 41, 12, '[]', 1, 1372927687),
(319, 'vi', 1, 1, 'Qun Hi An', '', 41, 11, '[]', 1, 1372927687),
(320, 'vi', 1, 1, 'Qun  Sn', '', 41, 10, '[]', 1, 1372927687),
(321, 'vi', 1, 1, 'Qun Dng Kinh', '', 41, 9, '[]', 1, 1372927687),
(322, 'vi', 1, 1, 'Huyn Vnh Bo', '', 41, 8, '[]', 1, 1372927688),
(323, 'vi', 1, 1, 'Huyn Tin Lng', '', 41, 7, '[]', 1, 1372927688),
(324, 'vi', 1, 1, 'Huyn Thy Nguyn', '', 41, 6, '[]', 1, 1372927688),
(325, 'vi', 1, 1, 'Huyn Kin Thy', '', 41, 5, '[]', 1, 1372927688),
(326, 'vi', 1, 1, 'Huyn o Ct Hi', '', 41, 4, '[]', 1, 1372927689),
(327, 'vi', 1, 1, 'Huyn o Bch Long V', '', 41, 3, '[]', 1, 1372927689),
(328, 'vi', 1, 1, 'Huyn An Lo', '', 41, 2, '[]', 1, 1372927690),
(329, 'vi', 1, 1, 'Huyn An Dng', '', 41, 1, '[]', 1, 1372927690),
(330, 'vi', 1, 1, 'Th X Hng Lnh', '', 42, 12, '[]', 1, 1372927701),
(331, 'vi', 1, 1, 'Thnh Ph H Tnh', '', 42, 11, '[]', 1, 1372927702),
(332, 'vi', 1, 1, 'Huyn V Quang', '', 42, 10, '[]', 1, 1372927702),
(333, 'vi', 1, 1, 'Huyn Thch H', '', 42, 9, '[]', 1, 1372927702),
(334, 'vi', 1, 1, 'Huyn Nghi Xun', '', 42, 8, '[]', 1, 1372927702),
(335, 'vi', 1, 1, 'Huyn Lc H', '', 42, 7, '[]', 1, 1372927702),
(336, 'vi', 1, 1, 'Huyn K Anh', '', 42, 6, '[]', 1, 1372927702),
(337, 'vi', 1, 1, 'Huyn Hng Sn', '', 42, 5, '[]', 1, 1372927702),
(338, 'vi', 1, 1, 'Huyn Hng Kh', '', 42, 4, '[]', 1, 1372927703),
(339, 'vi', 1, 1, 'Huyn c Th', '', 42, 3, '[]', 1, 1372927703),
(340, 'vi', 1, 1, 'Huyn Can Lc', '', 42, 2, '[]', 1, 1372927703),
(341, 'vi', 1, 1, 'Huyn Cm Xuyn', '', 42, 1, '[]', 1, 1372927704),
(342, 'vi', 1, 1, 'Th X Ng By', '', 43, 7, '[]', 1, 1372927719),
(343, 'vi', 1, 1, 'Thnh Ph V Thanh', '', 43, 6, '[]', 1, 1372927719),
(344, 'vi', 1, 1, 'Huyn V Thy', '', 43, 5, '[]', 1, 1372927719),
(345, 'vi', 1, 1, 'Huyn Phng Hip', '', 43, 4, '[]', 1, 1372927719),
(346, 'vi', 1, 1, 'Huyn Long M', '', 43, 3, '[]', 1, 1372927719),
(347, 'vi', 1, 1, 'Huyn Chu Thnh A', '', 43, 2, '[]', 1, 1372927719),
(348, 'vi', 1, 1, 'Huyn Chu Thnh', '', 43, 1, '[]', 1, 1372927720),
(349, 'vi', 1, 1, 'Thnh Ph Ha Bnh', '', 44, 11, '[]', 1, 1372927734),
(350, 'vi', 1, 1, 'Huyn Yn Thy', '', 44, 10, '[]', 1, 1372927734),
(351, 'vi', 1, 1, 'Huyn Tn Lc', '', 44, 9, '[]', 1, 1372927734),
(352, 'vi', 1, 1, 'Huyn Mai Chu', '', 44, 8, '[]', 1, 1372927734),
(353, 'vi', 1, 1, 'Huyn Lng Sn', '', 44, 7, '[]', 1, 1372927735),
(354, 'vi', 1, 1, 'Huyn Lc Thy', '', 44, 6, '[]', 1, 1372927735),
(355, 'vi', 1, 1, 'Huyn Lc Sn', '', 44, 5, '[]', 1, 1372927735),
(356, 'vi', 1, 1, 'Huyn K Sn', '', 44, 4, '[]', 1, 1372927735),
(357, 'vi', 1, 1, 'Huyn Kim Bi', '', 44, 3, '[]', 1, 1372927735),
(358, 'vi', 1, 1, 'Huyn  Bc', '', 44, 2, '[]', 1, 1372927736),
(359, 'vi', 1, 1, 'Huyn Cao Phong', '', 44, 1, '[]', 1, 1372927736),
(360, 'vi', 1, 1, 'Th X Hng Yn', '', 45, 10, '[]', 1, 1372927750),
(361, 'vi', 1, 1, 'Huyn Yn M', '', 45, 9, '[]', 1, 1372927750),
(362, 'vi', 1, 1, 'Huyn Vn Lm', '', 45, 8, '[]', 1, 1372927750),
(363, 'vi', 1, 1, 'Huyn Vn Giang', '', 45, 7, '[]', 1, 1372927750),
(364, 'vi', 1, 1, 'Huyn Tin L', '', 45, 6, '[]', 1, 1372927750),
(365, 'vi', 1, 1, 'Huyn Ph C', '', 45, 5, '[]', 1, 1372927751),
(366, 'vi', 1, 1, 'Huyn M Ho', '', 45, 4, '[]', 1, 1372927751),
(367, 'vi', 1, 1, 'Huyn Kim ng', '', 45, 3, '[]', 1, 1372927751),
(368, 'vi', 1, 1, 'Huyn Khoi Chu', '', 45, 2, '[]', 1, 1372927751),
(369, 'vi', 1, 1, 'Huyn n Thi', '', 45, 1, '[]', 1, 1372927751),
(370, 'vi', 1, 1, 'Thnh Ph Nha Trang', '', 46, 9, '[]', 1, 1372927766),
(371, 'vi', 1, 1, 'Thnh Ph Cam Ranh', '', 46, 8, '[]', 1, 1372927766),
(372, 'vi', 1, 1, 'Huyn Vn Ninh', '', 46, 7, '[]', 1, 1372927766),
(373, 'vi', 1, 1, 'Huyn Ninh Ha', '', 46, 6, '[]', 1, 1372927766),
(374, 'vi', 1, 1, 'Huyn Khnh Vnh', '', 46, 5, '[]', 1, 1372927766),
(375, 'vi', 1, 1, 'Huyn Khnh Sn', '', 46, 4, '[]', 1, 1372927766),
(376, 'vi', 1, 1, 'Huyn o Trng Sa', '', 46, 3, '[]', 1, 1372927766),
(377, 'vi', 1, 1, 'Huyn Din Khnh', '', 46, 2, '[]', 1, 1372927767),
(378, 'vi', 1, 1, 'Huyn Cam Lm', '', 46, 1, '[]', 1, 1372927767),
(379, 'vi', 1, 1, 'Th X H Tin', '', 47, 15, '[]', 1, 1372927785),
(380, 'vi', 1, 1, 'Thnh Ph Rch Gi', '', 47, 14, '[]', 1, 1372927785),
(381, 'vi', 1, 1, 'Huyn Vnh Thun', '', 47, 13, '[]', 1, 1372927785),
(382, 'vi', 1, 1, 'Huyn U Minh Thng', '', 47, 12, '[]', 1, 1372927785),
(383, 'vi', 1, 1, 'Huyn Tn Hip', '', 47, 11, '[]', 1, 1372927785),
(384, 'vi', 1, 1, 'Huyn Kin Lng', '', 47, 10, '[]', 1, 1372927785),
(385, 'vi', 1, 1, 'Huyn Kin Hi', '', 47, 9, '[]', 1, 1372927785),
(386, 'vi', 1, 1, 'Huyn Hn t', '', 47, 8, '[]', 1, 1372927786),
(387, 'vi', 1, 1, 'Huyn G Quao', '', 47, 7, '[]', 1, 1372927786),
(388, 'vi', 1, 1, 'Huyn Ging Ring', '', 47, 6, '[]', 1, 1372927786),
(389, 'vi', 1, 1, 'Huyn Giang Thnh', '', 47, 5, '[]', 1, 1372927786),
(390, 'vi', 1, 1, 'Huyn o Ph Quc', '', 47, 4, '[]', 1, 1372927787),
(391, 'vi', 1, 1, 'Huyn Chu Thnh', '', 47, 3, '[]', 1, 1372927787),
(392, 'vi', 1, 1, 'Huyn An Minh', '', 47, 2, '[]', 1, 1372927788),
(393, 'vi', 1, 1, 'Huyn An Bin', '', 47, 1, '[]', 1, 1372927788),
(394, 'vi', 1, 1, 'Thnh Ph Kon Tum', '', 48, 9, '[]', 1, 1372927811),
(395, 'vi', 1, 1, 'Huyn Tu M Rng', '', 48, 8, '[]', 1, 1372927811),
(396, 'vi', 1, 1, 'Huyn Sa Thy', '', 48, 7, '[]', 1, 1372927811),
(397, 'vi', 1, 1, 'Huyn Ngc Hi', '', 48, 6, '[]', 1, 1372927811),
(398, 'vi', 1, 1, 'Huyn Kon Ry', '', 48, 5, '[]', 1, 1372927811),
(399, 'vi', 1, 1, 'Huyn Kon Plng', '', 48, 4, '[]', 1, 1372927812),
(400, 'vi', 1, 1, 'Huyn k T', '', 48, 3, '[]', 1, 1372927812),
(401, 'vi', 1, 1, 'Huyn k H', '', 48, 2, '[]', 1, 1372927812),
(402, 'vi', 1, 1, 'Huyn k Glei', '', 48, 1, '[]', 1, 1372927812),
(403, 'vi', 1, 1, 'Th X Lai Chu', '', 49, 7, '[]', 1, 1372927825),
(404, 'vi', 1, 1, 'Huyn Than Uyn', '', 49, 6, '[]', 1, 1372927825),
(405, 'vi', 1, 1, 'Huyn Tn Uyn', '', 49, 5, '[]', 1, 1372927825),
(406, 'vi', 1, 1, 'Huyn Tam ng', '', 49, 4, '[]', 1, 1372927825),
(407, 'vi', 1, 1, 'Huyn Sn H', '', 49, 3, '[]', 1, 1372927825),
(408, 'vi', 1, 1, 'Huyn Phong Th', '', 49, 2, '[]', 1, 1372927825),
(409, 'vi', 1, 1, 'Huyn Mng T', '', 49, 1, '[]', 1, 1372927826),
(410, 'vi', 1, 1, 'Th X Bo Lc', '', 50, 12, '[]', 1, 1372927839),
(411, 'vi', 1, 1, 'Thnh Ph  Lt', '', 50, 11, '[]', 1, 1372927840),
(412, 'vi', 1, 1, 'Huyn Lm H', '', 50, 10, '[]', 1, 1372927840),
(413, 'vi', 1, 1, 'Huyn Lc Dng', '', 50, 9, '[]', 1, 1372927840),
(414, 'vi', 1, 1, 'Huyn c Trng', '', 50, 8, '[]', 1, 1372927840),
(415, 'vi', 1, 1, 'Huyn n Dng', '', 50, 7, '[]', 1, 1372927840),
(416, 'vi', 1, 1, 'Huyn am Rng', '', 50, 6, '[]', 1, 1372927840),
(417, 'vi', 1, 1, 'Huyn  Th', '', 50, 5, '[]', 1, 1372927840),
(418, 'vi', 1, 1, 'Huyn  Huoai', '', 50, 4, '[]', 1, 1372927841),
(419, 'vi', 1, 1, 'Huyn Di Linh', '', 50, 3, '[]', 1, 1372927841),
(420, 'vi', 1, 1, 'Huyn Ct Tin', '', 50, 2, '[]', 1, 1372927841),
(421, 'vi', 1, 1, 'Huyn Bo Lm', '', 50, 1, '[]', 1, 1372927842),
(422, 'vi', 1, 1, 'Thnh Ph Lng Sn', '', 51, 11, '[]', 1, 1372927995),
(423, 'vi', 1, 1, 'Huyn Vn Quan', '', 51, 10, '[]', 1, 1372927995),
(424, 'vi', 1, 1, 'Huyn Vn Lng', '', 51, 9, '[]', 1, 1372927995),
(425, 'vi', 1, 1, 'Huyn Trng nh', '', 51, 8, '[]', 1, 1372927995),
(426, 'vi', 1, 1, 'Huyn Lc Bnh', '', 51, 7, '[]', 1, 1372927995),
(427, 'vi', 1, 1, 'Huyn Hu Lng', '', 51, 6, '[]', 1, 1372927996),
(428, 'vi', 1, 1, 'Huyn nh Lp', '', 51, 5, '[]', 1, 1372927996),
(429, 'vi', 1, 1, 'Huyn Chi Lng', '', 51, 4, '[]', 1, 1372927996),
(430, 'vi', 1, 1, 'Huyn Cao Lc', '', 51, 3, '[]', 1, 1372927996),
(431, 'vi', 1, 1, 'Huyn Bnh Gia', '', 51, 2, '[]', 1, 1372927997),
(432, 'vi', 1, 1, 'Huyn Bc Sn', '', 51, 1, '[]', 1, 1372927997),
(433, 'vi', 1, 1, 'Thnh Ph Lo Cai', '', 52, 9, '[]', 1, 1372928039),
(434, 'vi', 1, 1, 'Huyn Vn Bn', '', 52, 8, '[]', 1, 1372928039),
(435, 'vi', 1, 1, 'Huyn Si Ma Cai', '', 52, 7, '[]', 1, 1372928039),
(436, 'vi', 1, 1, 'Huyn Sa Pa', '', 52, 6, '[]', 1, 1372928039),
(437, 'vi', 1, 1, 'Huyn Mng Khng', '', 52, 5, '[]', 1, 1372928039),
(438, 'vi', 1, 1, 'Huyn Bt Xt', '', 52, 4, '[]', 1, 1372928040),
(439, 'vi', 1, 1, 'Huyn Bo Yn', '', 52, 3, '[]', 1, 1372928040),
(440, 'vi', 1, 1, 'Huyn Bo Thng', '', 52, 2, '[]', 1, 1372928040),
(441, 'vi', 1, 1, 'Huyn Bc H', '', 52, 1, '[]', 1, 1372928040),
(442, 'vi', 1, 1, 'Thnh Ph Tn An', '', 53, 14, '[]', 1, 1372928054),
(443, 'vi', 1, 1, 'Huyn Vnh Hng', '', 53, 13, '[]', 1, 1372928054),
(444, 'vi', 1, 1, 'Huyn Th Tha', '', 53, 12, '[]', 1, 1372928054),
(445, 'vi', 1, 1, 'Huyn Thnh Ha', '', 53, 11, '[]', 1, 1372928055),
(446, 'vi', 1, 1, 'Huyn Tn Tr', '', 53, 10, '[]', 1, 1372928055),
(447, 'vi', 1, 1, 'Huyn Tn Thnh', '', 53, 9, '[]', 1, 1372928055),
(448, 'vi', 1, 1, 'Huyn Tn Hng', '', 53, 8, '[]', 1, 1372928055),
(449, 'vi', 1, 1, 'Huyn Mc Ha', '', 53, 7, '[]', 1, 1372928055),
(450, 'vi', 1, 1, 'Huyn c Hu', '', 53, 6, '[]', 1, 1372928056),
(451, 'vi', 1, 1, 'Huyn c Ha', '', 53, 5, '[]', 1, 1372928056),
(452, 'vi', 1, 1, 'Huyn Chu Thnh', '', 53, 4, '[]', 1, 1372928056),
(453, 'vi', 1, 1, 'Huyn Cn Guc', '', 53, 3, '[]', 1, 1372928057),
(454, 'vi', 1, 1, 'Huyn Cn c', '', 53, 2, '[]', 1, 1372928057),
(455, 'vi', 1, 1, 'Huyn Bn Lc', '', 53, 1, '[]', 1, 1372928058),
(456, 'vi', 1, 1, 'Thnh Ph Nam nh', '', 54, 10, '[]', 1, 1372928081),
(457, 'vi', 1, 1, 'Huyn  Yn', '', 54, 9, '[]', 1, 1372928081),
(458, 'vi', 1, 1, 'Huyn Xun Trng', '', 54, 8, '[]', 1, 1372928081),
(459, 'vi', 1, 1, 'Huyn V Bn', '', 54, 7, '[]', 1, 1372928081),
(460, 'vi', 1, 1, 'Huyn Trc Ninh', '', 54, 6, '[]', 1, 1372928081),
(461, 'vi', 1, 1, 'Huyn Ngha Hng', '', 54, 5, '[]', 1, 1372928081),
(462, 'vi', 1, 1, 'Huyn Nam Trc', '', 54, 4, '[]', 1, 1372928081),
(463, 'vi', 1, 1, 'Huyn M Lc', '', 54, 3, '[]', 1, 1372928082),
(464, 'vi', 1, 1, 'Huyn Hi Hu', '', 54, 2, '[]', 1, 1372928082),
(465, 'vi', 1, 1, 'Huyn Giao Thy', '', 54, 1, '[]', 1, 1372928082),
(466, 'vi', 1, 1, 'Th X Thi Ha', '', 55, 20, '[]', 1, 1372928091),
(467, 'vi', 1, 1, 'Th X Ca L', '', 55, 19, '[]', 1, 1372928091),
(468, 'vi', 1, 1, 'ThNh Ph Vinh', '', 55, 18, '[]', 1, 1372928091),
(469, 'vi', 1, 1, 'Huyn Yn Thnh', '', 55, 17, '[]', 1, 1372928092),
(470, 'vi', 1, 1, 'Huyn Tng Dng', '', 55, 16, '[]', 1, 1372928092),
(471, 'vi', 1, 1, 'Huyn Thanh Chng', '', 55, 15, '[]', 1, 1372928092),
(472, 'vi', 1, 1, 'Huyn Tn K', '', 55, 14, '[]', 1, 1372928092),
(473, 'vi', 1, 1, 'Huyn Qunh Lu', '', 55, 13, '[]', 1, 1372928092),
(474, 'vi', 1, 1, 'Huyn Qu Hp', '', 55, 12, '[]', 1, 1372928093),
(475, 'vi', 1, 1, 'Huyn Qu Chu', '', 55, 11, '[]', 1, 1372928093),
(476, 'vi', 1, 1, 'Huyn Qu Phong', '', 55, 10, '[]', 1, 1372928093),
(477, 'vi', 1, 1, 'Huyn Ngha n', '', 55, 9, '[]', 1, 1372928094),
(478, 'vi', 1, 1, 'Huyn Nghi Lc', '', 55, 8, '[]', 1, 1372928094),
(479, 'vi', 1, 1, 'Huyn Nam n', '', 55, 7, '[]', 1, 1372928095),
(480, 'vi', 1, 1, 'Huyn K Sn', '', 55, 6, '[]', 1, 1372928095),
(481, 'vi', 1, 1, 'Huyn Hng Nguyn', '', 55, 5, '[]', 1, 1372928095),
(482, 'vi', 1, 1, 'Huyn  Lng', '', 55, 4, '[]', 1, 1372928096),
(483, 'vi', 1, 1, 'Huyn Din Chu', '', 55, 3, '[]', 1, 1372928097),
(484, 'vi', 1, 1, 'Huyn Con Cung', '', 55, 2, '[]', 1, 1372928097),
(485, 'vi', 1, 1, 'Huyn Anh Sn', '', 55, 1, '[]', 1, 1372928098),
(486, 'vi', 1, 1, 'Th X Tam ip', '', 56, 9, '[]', 1, 1372928126),
(487, 'vi', 1, 1, 'ThNh Ph Ninh Bnh', '', 56, 8, '[]', 1, 1372928126),
(488, 'vi', 1, 1, 'Huyn Yn M', '', 56, 7, '[]', 1, 1372928126),
(489, 'vi', 1, 1, 'Huyn Yn Khnh', '', 56, 6, '[]', 1, 1372928126),
(490, 'vi', 1, 1, 'Huyn  Yn', '', 56, 5, '[]', 1, 1372928126),
(491, 'vi', 1, 1, 'Huyn Nho Quan', '', 56, 4, '[]', 1, 1372928127),
(492, 'vi', 1, 1, 'Huyn Kim Sn', '', 56, 3, '[]', 1, 1372928127),
(493, 'vi', 1, 1, 'Huyn Hoa L', '', 56, 2, '[]', 1, 1372928127),
(494, 'vi', 1, 1, 'Huyn Gia Vin', '', 56, 1, '[]', 1, 1372928127),
(495, 'vi', 1, 1, 'Tp.Phan Rang - Thp Chm', '', 57, 7, '[]', 1, 1372928138),
(496, 'vi', 1, 1, 'Huyn Thun Nam', '', 57, 6, '[]', 1, 1372928138),
(497, 'vi', 1, 1, 'Huyn Thun Bc', '', 57, 5, '[]', 1, 1372928139),
(498, 'vi', 1, 1, 'Huyn Ninh Sn', '', 57, 4, '[]', 1, 1372928139),
(499, 'vi', 1, 1, 'Huyn Ninh Phc', '', 57, 3, '[]', 1, 1372928139),
(500, 'vi', 1, 1, 'Huyn Ninh Hi', '', 57, 2, '[]', 1, 1372928139),
(501, 'vi', 1, 1, 'Huyn Bc i', '', 57, 1, '[]', 1, 1372928139),
(502, 'vi', 1, 1, 'Thi X Ph Th', '', 58, 13, '[]', 1, 1372928152),
(503, 'vi', 1, 1, 'Thnh Ph Vit Tr', '', 58, 12, '[]', 1, 1372928152),
(504, 'vi', 1, 1, 'Huyn Yn Lp', '', 58, 11, '[]', 1, 1372928152),
(505, 'vi', 1, 1, 'Huyn Thanh Thy', '', 58, 10, '[]', 1, 1372928152),
(506, 'vi', 1, 1, 'Huyn Thanh Sn', '', 58, 9, '[]', 1, 1372928153),
(507, 'vi', 1, 1, 'Huyn Thanh Ba', '', 58, 8, '[]', 1, 1372928153),
(508, 'vi', 1, 1, 'Huyn Tn Sn', '', 58, 7, '[]', 1, 1372928153),
(509, 'vi', 1, 1, 'Huyn Tam Nng', '', 58, 6, '[]', 1, 1372928153),
(510, 'vi', 1, 1, 'Huyn Ph Ninh', '', 58, 5, '[]', 1, 1372928153),
(511, 'vi', 1, 1, 'Huyn Lm Thao', '', 58, 4, '[]', 1, 1372928154),
(512, 'vi', 1, 1, 'Huyn H Ha', '', 58, 3, '[]', 1, 1372928154),
(513, 'vi', 1, 1, 'Huyn oan Hng', '', 58, 2, '[]', 1, 1372928155),
(514, 'vi', 1, 1, 'Huyn Cm Kh', '', 58, 1, '[]', 1, 1372928155),
(515, 'vi', 1, 1, 'Th X Sng Cu', '', 59, 9, '[]', 1, 1372928167),
(516, 'vi', 1, 1, 'Thnh Ph Tuy Ha', '', 59, 8, '[]', 1, 1372928167),
(517, 'vi', 1, 1, 'Huyn Tuy An', '', 59, 7, '[]', 1, 1372928167),
(518, 'vi', 1, 1, 'Huyn Ty Ha', '', 59, 6, '[]', 1, 1372928167),
(519, 'vi', 1, 1, 'Huyn Sng Hinh', '', 59, 5, '[]', 1, 1372928167),
(520, 'vi', 1, 1, 'Huyn Sn Ha', '', 59, 4, '[]', 1, 1372928168),
(521, 'vi', 1, 1, 'Huyn Ph Ha', '', 59, 3, '[]', 1, 1372928168),
(522, 'vi', 1, 1, 'Huyn ng Xun', '', 59, 2, '[]', 1, 1372928168),
(523, 'vi', 1, 1, 'Huyn ng Ha', '', 59, 1, '[]', 1, 1372928168),
(524, 'vi', 1, 1, 'Th X Sng Cu', '', 60, 23, '[]', 1, 1372928178),
(525, 'vi', 1, 1, 'Thnh Ph Tuy Ha', '', 60, 22, '[]', 1, 1372928178),
(526, 'vi', 1, 1, 'Huyn Tuy An', '', 60, 21, '[]', 1, 1372928178),
(527, 'vi', 1, 1, 'Huyn Ty Ha', '', 60, 20, '[]', 1, 1372928178),
(528, 'vi', 1, 1, 'Huyn Sng Hinh', '', 60, 19, '[]', 1, 1372928178),
(529, 'vi', 1, 1, 'Huyn Sn Ha', '', 60, 18, '[]', 1, 1372928179),
(530, 'vi', 1, 1, 'Huyn Ph Ha', '', 60, 17, '[]', 1, 1372928179),
(531, 'vi', 1, 1, 'Huyn ng Xun', '', 60, 16, '[]', 1, 1372928179),
(532, 'vi', 1, 1, 'Huyn ng Ha', '', 60, 15, '[]', 1, 1372928179),
(533, 'vi', 1, 1, 'Thnh ph Ung B', '', 60, 14, '[]', 1, 1372928353),
(534, 'vi', 1, 1, 'Thnh Ph Mng Ci', '', 60, 13, '[]', 1, 1372928353),
(535, 'vi', 1, 1, 'Thnh Ph H Long', '', 60, 12, '[]', 1, 1372928354),
(536, 'vi', 1, 1, 'Thnh ph Cm Ph', '', 60, 11, '[]', 1, 1372928354),
(537, 'vi', 1, 1, 'Huyn Yn Hng', '', 60, 10, '[]', 1, 1372928355),
(538, 'vi', 1, 1, 'Huyn Vn n', '', 60, 9, '[]', 1, 1372928355),
(539, 'vi', 1, 1, 'Huyn Tin Yn', '', 60, 8, '[]', 1, 1372928356),
(540, 'vi', 1, 1, 'Huyn Honh B', '', 60, 7, '[]', 1, 1372928356),
(541, 'vi', 1, 1, 'Huyn Hi H', '', 60, 6, '[]', 1, 1372928357),
(542, 'vi', 1, 1, 'Huyn ng Triu', '', 60, 5, '[]', 1, 1372928358),
(543, 'vi', 1, 1, 'Huyn m H', '', 60, 4, '[]', 1, 1372928359),
(544, 'vi', 1, 1, 'Huyn C T', '', 60, 3, '[]', 1, 1372928359),
(545, 'vi', 1, 1, 'Huyn Bnh Liu', '', 60, 2, '[]', 1, 1372928360),
(546, 'vi', 1, 1, 'Huyn Ba Ch', '', 60, 1, '[]', 1, 1372928361),
(547, 'vi', 1, 1, 'Thnh Ph ng Hi', '', 61, 7, '[]', 1, 1372928371),
(548, 'vi', 1, 1, 'Huyn Tuyn Ha', '', 61, 6, '[]', 1, 1372928371),
(549, 'vi', 1, 1, 'Huyn Qung Trch', '', 61, 5, '[]', 1, 1372928371),
(550, 'vi', 1, 1, 'Huyn Qung Ninh', '', 61, 4, '[]', 1, 1372928371),
(551, 'vi', 1, 1, 'Huyn Minh Ha', '', 61, 3, '[]', 1, 1372928371),
(552, 'vi', 1, 1, 'Huyn L Thy', '', 61, 2, '[]', 1, 1372928372),
(553, 'vi', 1, 1, 'Huyn B Trch', '', 61, 1, '[]', 1, 1372928372),
(554, 'vi', 1, 1, 'Thnh Ph Tam K', '', 62, 18, '[]', 1, 1372928384),
(555, 'vi', 1, 1, 'Thnh Ph Hi An', '', 62, 17, '[]', 1, 1372928384),
(556, 'vi', 1, 1, 'Huyn Tin Phc', '', 62, 16, '[]', 1, 1372928384),
(557, 'vi', 1, 1, 'Huyn Thng Bnh', '', 62, 15, '[]', 1, 1372928384),
(558, 'vi', 1, 1, 'Huyn Ty Giang', '', 62, 14, '[]', 1, 1372928384),
(559, 'vi', 1, 1, 'Huyn Qu Sn', '', 62, 13, '[]', 1, 1372928385),
(560, 'vi', 1, 1, 'Huyn Phc Sn', '', 62, 12, '[]', 1, 1372928385),
(561, 'vi', 1, 1, 'Huyn Ph Ninh', '', 62, 11, '[]', 1, 1372928385),
(562, 'vi', 1, 1, 'Huyn Ni Thnh', '', 62, 10, '[]', 1, 1372928385),
(563, 'vi', 1, 1, 'Huyn Nng Sn', '', 62, 9, '[]', 1, 1372928386),
(564, 'vi', 1, 1, 'Huyn Nam Tr My', '', 62, 8, '[]', 1, 1372928386),
(565, 'vi', 1, 1, 'Huyn Nam Giang', '', 62, 7, '[]', 1, 1372928386),
(566, 'vi', 1, 1, 'Huyn Hip c', '', 62, 6, '[]', 1, 1372928387),
(567, 'vi', 1, 1, 'Huyn ng Giang', '', 62, 5, '[]', 1, 1372928387),
(568, 'vi', 1, 1, 'Huyn in Bn', '', 62, 4, '[]', 1, 1372928388),
(569, 'vi', 1, 1, 'Huyn i Lc', '', 62, 3, '[]', 1, 1372928388),
(570, 'vi', 1, 1, 'Huyn Duy Xuyn', '', 62, 2, '[]', 1, 1372928389),
(571, 'vi', 1, 1, 'Huyn Bc Tr My', '', 62, 1, '[]', 1, 1372928389),
(572, 'vi', 1, 1, 'Thnh Ph Qung Ngi', '', 63, 14, '[]', 1, 1372928408),
(573, 'vi', 1, 1, 'Huyn T Ngha', '', 63, 13, '[]', 1, 1372928408),
(574, 'vi', 1, 1, 'Huyn Tr Bng', '', 63, 12, '[]', 1, 1372928408),
(575, 'vi', 1, 1, 'Huyn Ty Tr', '', 63, 11, '[]', 1, 1372928408),
(576, 'vi', 1, 1, 'Huyn Sn Tnh', '', 63, 10, '[]', 1, 1372928408),
(577, 'vi', 1, 1, 'Huyn Sn Ty', '', 63, 9, '[]', 1, 1372928408),
(578, 'vi', 1, 1, 'Huyn Sn H', '', 63, 8, '[]', 1, 1372928409),
(579, 'vi', 1, 1, 'Huyn Ngha Hnh', '', 63, 7, '[]', 1, 1372928409),
(580, 'vi', 1, 1, 'Huyn M c', '', 63, 6, '[]', 1, 1372928409),
(581, 'vi', 1, 1, 'Huyn Minh Long', '', 63, 5, '[]', 1, 1372928409),
(582, 'vi', 1, 1, 'Huyn L Sn', '', 63, 4, '[]', 1, 1372928410),
(583, 'vi', 1, 1, 'Huyn c Ph', '', 63, 3, '[]', 1, 1372928410),
(584, 'vi', 1, 1, 'Huyn Bnh Sn', '', 63, 2, '[]', 1, 1372928411),
(585, 'vi', 1, 1, 'Huyn Ba T', '', 63, 1, '[]', 1, 1372928411),
(586, 'vi', 1, 1, 'Th X Qung Tr', '', 64, 10, '[]', 1, 1372928421),
(587, 'vi', 1, 1, 'Thnh Ph ng H', '', 64, 9, '[]', 1, 1372928421),
(588, 'vi', 1, 1, 'Huyn Vnh Linh', '', 64, 8, '[]', 1, 1372928421),
(589, 'vi', 1, 1, 'Huyn Triu Phong', '', 64, 7, '[]', 1, 1372928421),
(590, 'vi', 1, 1, 'Huyn Hng Ha', '', 64, 6, '[]', 1, 1372928422),
(591, 'vi', 1, 1, 'Huyn Hi Lng', '', 64, 5, '[]', 1, 1372928422),
(592, 'vi', 1, 1, 'Huyn Gio Linh', '', 64, 4, '[]', 1, 1372928422),
(593, 'vi', 1, 1, 'Huyn o Cn C', '', 64, 3, '[]', 1, 1372928422),
(594, 'vi', 1, 1, 'Huyn ak Rng', '', 64, 2, '[]', 1, 1372928422),
(595, 'vi', 1, 1, 'Huyn Cam L', '', 64, 1, '[]', 1, 1372928423),
(596, 'vi', 1, 1, 'Th X Vnh Chu', '', 65, 10, '[]', 1, 1372928433),
(597, 'vi', 1, 1, 'Thnh Ph Sc Trng', '', 65, 9, '[]', 1, 1372928434),
(598, 'vi', 1, 1, 'Huyn Thnh Tr', '', 65, 8, '[]', 1, 1372928434),
(599, 'vi', 1, 1, 'Huyn Ng Nm', '', 65, 7, '[]', 1, 1372928434),
(600, 'vi', 1, 1, 'Huyn M Xuyn', '', 65, 6, '[]', 1, 1372928434),
(601, 'vi', 1, 1, 'Huyn M T', '', 65, 5, '[]', 1, 1372928434),
(602, 'vi', 1, 1, 'Huyn Long Ph', '', 65, 4, '[]', 1, 1372928434),
(603, 'vi', 1, 1, 'Huyn K Sch', '', 65, 3, '[]', 1, 1372928435),
(604, 'vi', 1, 1, 'Huyn C Lao Dung', '', 65, 2, '[]', 1, 1372928435),
(605, 'vi', 1, 1, 'Huyn Chu Thnh', '', 65, 1, '[]', 1, 1372928435),
(606, 'vi', 1, 1, 'Thnh ph Sn La', '', 66, 11, '[]', 1, 1372928456),
(607, 'vi', 1, 1, 'Huyn Yn Chu', '', 66, 10, '[]', 1, 1372928456),
(608, 'vi', 1, 1, 'Huyn Thun Chu', '', 66, 9, '[]', 1, 1372928456),
(609, 'vi', 1, 1, 'Huyn Sp Cp', '', 66, 8, '[]', 1, 1372928456),
(610, 'vi', 1, 1, 'Huyn Sng M', '', 66, 7, '[]', 1, 1372928456),
(611, 'vi', 1, 1, 'Huyn Qunh Nhai', '', 66, 6, '[]', 1, 1372928457),
(612, 'vi', 1, 1, 'Huyn Ph Yn', '', 66, 5, '[]', 1, 1372928457),
(613, 'vi', 1, 1, 'Huyn Mng La', '', 66, 4, '[]', 1, 1372928457),
(614, 'vi', 1, 1, 'Huyn Mc Chu', '', 66, 3, '[]', 1, 1372928457),
(615, 'vi', 1, 1, 'Huyn Mai Sn', '', 66, 2, '[]', 1, 1372928458),
(616, 'vi', 1, 1, 'Huyn Bc Yn', '', 66, 1, '[]', 1, 1372928458),
(617, 'vi', 1, 1, 'Th X Ty Ninh', '', 67, 9, '[]', 1, 1372928470),
(618, 'vi', 1, 1, 'Huyn Trng Bng', '', 67, 8, '[]', 1, 1372928470),
(619, 'vi', 1, 1, 'Huyn Tn Chu', '', 67, 7, '[]', 1, 1372928470),
(620, 'vi', 1, 1, 'Huyn Tn Bin', '', 67, 6, '[]', 1, 1372928470),
(621, 'vi', 1, 1, 'Huyn Ha Thnh', '', 67, 5, '[]', 1, 1372928470),
(622, 'vi', 1, 1, 'Huyn G Du', '', 67, 4, '[]', 1, 1372928470),
(623, 'vi', 1, 1, 'Huyn Dng Minh Chu', '', 67, 3, '[]', 1, 1372928470),
(624, 'vi', 1, 1, 'Huyn Chu Thnh', '', 67, 2, '[]', 1, 1372928471),
(625, 'vi', 1, 1, 'Huyn Bn Cu', '', 67, 1, '[]', 1, 1372928471),
(626, 'vi', 1, 1, 'ThNh Ph Thi Bnh', '', 68, 9, '[]', 1, 1372928482),
(627, 'vi', 1, 1, 'Huyn V Th', '', 68, 8, '[]', 1, 1372928483),
(628, 'vi', 1, 1, 'Huyn Tin Hi', '', 68, 7, '[]', 1, 1372928483),
(629, 'vi', 1, 1, 'Huyn Thi Thy', '', 68, 6, '[]', 1, 1372928483),
(630, 'vi', 1, 1, 'Huyn Qunh Ph', '', 68, 5, '[]', 1, 1372928483),
(631, 'vi', 1, 1, 'Huyn Qunh Ci', '', 68, 4, '[]', 1, 1372928483),
(632, 'vi', 1, 1, 'Huyn Kin Xng', '', 68, 3, '[]', 1, 1372928483),
(633, 'vi', 1, 1, 'Huyn Hng H', '', 68, 2, '[]', 1, 1372928483),
(634, 'vi', 1, 1, 'Huyn ng Hng', '', 68, 1, '[]', 1, 1372928484),
(635, 'vi', 1, 1, 'Th X Sng Cng', '', 69, 9, '[]', 1, 1372928494),
(636, 'vi', 1, 1, 'Thnh Ph Thi Nguyn', '', 69, 8, '[]', 1, 1372928494),
(637, 'vi', 1, 1, 'Huyn V Nhai', '', 69, 7, '[]', 1, 1372928494),
(638, 'vi', 1, 1, 'Huyn Ph Lng', '', 69, 6, '[]', 1, 1372928494),
(639, 'vi', 1, 1, 'Huyn Ph Bnh', '', 69, 5, '[]', 1, 1372928494),
(640, 'vi', 1, 1, 'Huyn Ph Yn', '', 69, 4, '[]', 1, 1372928494),
(641, 'vi', 1, 1, 'Huyn ng H', '', 69, 3, '[]', 1, 1372928495),
(642, 'vi', 1, 1, 'Huyn nh Ha', '', 69, 2, '[]', 1, 1372928495),
(643, 'vi', 1, 1, 'Huyn i T', '', 69, 1, '[]', 1, 1372928495),
(644, 'vi', 1, 1, 'Th X Sm Sn', '', 70, 27, '[]', 1, 1372928505),
(645, 'vi', 1, 1, 'Th X Bm Sn', '', 70, 26, '[]', 1, 1372928505),
(646, 'vi', 1, 1, 'Thnh Ph Thanh Ha', '', 70, 25, '[]', 1, 1372928505),
(647, 'vi', 1, 1, 'Huyn Yn nh', '', 70, 24, '[]', 1, 1372928505),
(648, 'vi', 1, 1, 'Huyn Vnh Lc', '', 70, 23, '[]', 1, 1372928505),
(649, 'vi', 1, 1, 'Huyn Triu Sn', '', 70, 22, '[]', 1, 1372928506),
(650, 'vi', 1, 1, 'Huyn Tnh Gia', '', 70, 21, '[]', 1, 1372928506),
(651, 'vi', 1, 1, 'Huyn Thng Xun', '', 70, 20, '[]', 1, 1372928506),
(652, 'vi', 1, 1, 'Huyn Th Xun', '', 70, 19, '[]', 1, 1372928506),
(653, 'vi', 1, 1, 'Huyn Thiu Ha', '', 70, 18, '[]', 1, 1372928507),
(654, 'vi', 1, 1, 'Huyn Thch Thnh', '', 70, 17, '[]', 1, 1372928507),
(655, 'vi', 1, 1, 'Huyn Qung Xng', '', 70, 16, '[]', 1, 1372928507),
(656, 'vi', 1, 1, 'Huyn Quan Sn', '', 70, 15, '[]', 1, 1372928508),
(657, 'vi', 1, 1, 'Huyn Quan Ha', '', 70, 14, '[]', 1, 1372928508),
(658, 'vi', 1, 1, 'Huyn Nng Cng', '', 70, 13, '[]', 1, 1372928509),
(659, 'vi', 1, 1, 'Huyn Nh Xun', '', 70, 12, '[]', 1, 1372928509),
(660, 'vi', 1, 1, 'Huyn Nh Thanh', '', 70, 11, '[]', 1, 1372928510),
(661, 'vi', 1, 1, 'Huyn Ngc Lc', '', 70, 10, '[]', 1, 1372928510),
(662, 'vi', 1, 1, 'Huyn Nga Sn', '', 70, 9, '[]', 1, 1372928511),
(663, 'vi', 1, 1, 'Huyn Mng Lt', '', 70, 8, '[]', 1, 1372928511),
(664, 'vi', 1, 1, 'Huyn Lang Chnh', '', 70, 7, '[]', 1, 1372928512),
(665, 'vi', 1, 1, 'Huyn Hong Ha', '', 70, 6, '[]', 1, 1372928513),
(666, 'vi', 1, 1, 'Huyn Hu Lc', '', 70, 5, '[]', 1, 1372928514),
(667, 'vi', 1, 1, 'Huyn H Trung', '', 70, 4, '[]', 1, 1372928515),
(668, 'vi', 1, 1, 'Huyn ng Sn', '', 70, 3, '[]', 1, 1372928516),
(669, 'vi', 1, 1, 'Huyn Cm Thy', '', 70, 2, '[]', 1, 1372928517),
(670, 'vi', 1, 1, 'Huyn B Thc', '', 70, 1, '[]', 1, 1372928518),
(671, 'vi', 1, 1, 'Th X Hng Thy', '', 71, 9, '[]', 1, 1372928518),
(672, 'vi', 1, 1, 'Thnh Ph Hu', '', 71, 8, '[]', 1, 1372928519),
(673, 'vi', 1, 1, 'Huyn Qung in', '', 71, 7, '[]', 1, 1372928519),
(674, 'vi', 1, 1, 'Huyn Ph Vang', '', 71, 6, '[]', 1, 1372928519),
(675, 'vi', 1, 1, 'Huyn Ph Lc', '', 71, 5, '[]', 1, 1372928519),
(676, 'vi', 1, 1, 'Huyn Phong in', '', 71, 4, '[]', 1, 1372928519),
(677, 'vi', 1, 1, 'Huyn Nam ng', '', 71, 3, '[]', 1, 1372928519),
(678, 'vi', 1, 1, 'Huyn Hng Tr', '', 71, 2, '[]', 1, 1372928520),
(679, 'vi', 1, 1, 'Huyn A Li', '', 71, 1, '[]', 1, 1372928520),
(680, 'vi', 1, 1, 'Th X G Cng', '', 72, 10, '[]', 1, 1372928529),
(681, 'vi', 1, 1, 'Thnh Ph M Tho', '', 72, 9, '[]', 1, 1372928529),
(682, 'vi', 1, 1, 'Huyn Tn Phc', '', 72, 8, '[]', 1, 1372928529),
(683, 'vi', 1, 1, 'Huyn Tn Ph ng', '', 72, 7, '[]', 1, 1372928529),
(684, 'vi', 1, 1, 'Huyn G Cng Ty', '', 72, 6, '[]', 1, 1372928529),
(685, 'vi', 1, 1, 'Huyn G Cng ng', '', 72, 5, '[]', 1, 1372928530),
(686, 'vi', 1, 1, 'Huyn Ch Go', '', 72, 4, '[]', 1, 1372928530),
(687, 'vi', 1, 1, 'Huyn Chu Thnh', '', 72, 3, '[]', 1, 1372928530),
(688, 'vi', 1, 1, 'Huyn Cai Ly', '', 72, 2, '[]', 1, 1372928530),
(689, 'vi', 1, 1, 'Huyn Ci B', '', 72, 1, '[]', 1, 1372928531),
(690, 'vi', 1, 1, 'Thnh Ph Tr Vinh', '', 73, 8, '[]', 1, 1372928539),
(691, 'vi', 1, 1, 'Huyn Tr C', '', 73, 7, '[]', 1, 1372928539);
INSERT INTO `tbl_city` (`id`, `language`, `type`, `status`, `name`, `alias`, `parent_id`, `order_view`, `other`, `created_by`, `created_time`) VALUES
(692, 'vi', 1, 1, 'Huyn Tiu Cn', '', 73, 6, '[]', 1, 1372928540),
(693, 'vi', 1, 1, 'Huyn Duyn Hi', '', 73, 5, '[]', 1, 1372928540),
(694, 'vi', 1, 1, 'Huyn Chu Thnh', '', 73, 4, '[]', 1, 1372928540),
(695, 'vi', 1, 1, 'Huyn Cu Ngang', '', 73, 3, '[]', 1, 1372928540),
(696, 'vi', 1, 1, 'Huyn Cu K', '', 73, 2, '[]', 1, 1372928540),
(697, 'vi', 1, 1, 'Huyn Cng Long', '', 73, 1, '[]', 1, 1372928540),
(698, 'vi', 1, 1, 'Thnh ph Tuyn Quang', '', 74, 7, '[]', 1, 1372928552),
(699, 'vi', 1, 1, 'Huyn Yn Sn', '', 74, 6, '[]', 1, 1372928552),
(700, 'vi', 1, 1, 'Huyn Sn Dng', '', 74, 5, '[]', 1, 1372928552),
(701, 'vi', 1, 1, 'Huyn N Hang', '', 74, 4, '[]', 1, 1372928552),
(702, 'vi', 1, 1, 'Huyn Lm Bnh', '', 74, 3, '[]', 1, 1372928552),
(703, 'vi', 1, 1, 'Huyn Hm Yn', '', 74, 2, '[]', 1, 1372928552),
(704, 'vi', 1, 1, 'Huyn Chim Ha', '', 74, 1, '[]', 1, 1372928552),
(705, 'vi', 1, 1, 'Th X Phc Yn', '', 75, 9, '[]', 1, 1372928562),
(706, 'vi', 1, 1, 'Thnh Ph Vnh Yn', '', 75, 8, '[]', 1, 1372928562),
(707, 'vi', 1, 1, 'Huyn Yn Lc', '', 75, 7, '[]', 1, 1372928562),
(708, 'vi', 1, 1, 'Huyn Vnh Tng', '', 75, 6, '[]', 1, 1372928562),
(709, 'vi', 1, 1, 'Hun Tam o', '', 75, 5, '[]', 1, 1372928563),
(710, 'vi', 1, 1, 'Huyn Tam Dng', '', 75, 4, '[]', 1, 1372928563),
(711, 'vi', 1, 1, 'Huyn Sng L', '', 75, 3, '[]', 1, 1372928563),
(712, 'vi', 1, 1, 'Huyn Lp Thch', '', 75, 2, '[]', 1, 1372928563),
(713, 'vi', 1, 1, 'Huyn Bnh Xuyn', '', 75, 1, '[]', 1, 1372928563),
(714, 'vi', 1, 1, 'Thnh Ph Vnh Long', '', 76, 8, '[]', 1, 1372928577),
(715, 'vi', 1, 1, 'Huyn Vng Lim', '', 76, 7, '[]', 1, 1372928577),
(716, 'vi', 1, 1, 'Huyn Tr n', '', 76, 6, '[]', 1, 1372928577),
(717, 'vi', 1, 1, 'Huyn Tam Bnh', '', 76, 5, '[]', 1, 1372928577),
(718, 'vi', 1, 1, 'Huyn Mang Tht', '', 76, 4, '[]', 1, 1372928577),
(719, 'vi', 1, 1, 'Huyn Long H', '', 76, 3, '[]', 1, 1372928577),
(720, 'vi', 1, 1, 'Huyn Bnh Tn', '', 76, 2, '[]', 1, 1372928578),
(721, 'vi', 1, 1, 'Huyn Bnh Minh', '', 76, 1, '[]', 1, 1372928578),
(722, 'vi', 1, 1, 'Th X Ngha L', '', 77, 9, '[]', 1, 1372928590),
(723, 'vi', 1, 1, 'Thnh Ph Yn Bi', '', 77, 8, '[]', 1, 1372928590),
(724, 'vi', 1, 1, 'Huyn Yn Bnh', '', 77, 7, '[]', 1, 1372928590),
(725, 'vi', 1, 1, 'Huyn Vn Yn', '', 77, 6, '[]', 1, 1372928590),
(726, 'vi', 1, 1, 'Huyn Vn Chn', '', 77, 5, '[]', 1, 1372928590),
(727, 'vi', 1, 1, 'Huyn Trn Yn', '', 77, 4, '[]', 1, 1372928590),
(728, 'vi', 1, 1, 'Huyn Trm Tu', '', 77, 3, '[]', 1, 1372928590),
(729, 'vi', 1, 1, 'Huyn M Cng Chi', '', 77, 2, '[]', 1, 1372928591),
(730, 'vi', 1, 1, 'Huyn Lc Yn', '', 77, 1, '[]', 1, 1372928591),
(731, 'vi', 1, 1, 'Qun Thanh Kh', '', 78, 9, '[]', 1, 1372928604),
(732, 'vi', 1, 1, 'Qun Sn Tr', '', 78, 8, '[]', 1, 1372928604),
(733, 'vi', 1, 1, 'Qun Ng Hnh Sn', '', 78, 7, '[]', 1, 1372928605),
(734, 'vi', 1, 1, 'Qun Lin Chiu', '', 78, 6, '[]', 1, 1372928605),
(735, 'vi', 1, 1, 'Qun Hi Chu', '', 78, 5, '[]', 1, 1372928605),
(736, 'vi', 1, 1, 'Qun Cm L', '', 78, 4, '[]', 1, 1372928605),
(737, 'vi', 1, 1, 'Qun 3', '', 78, 3, '[]', 1, 1372928605),
(738, 'vi', 1, 1, 'Huyn Hong Sa', '', 78, 2, '[]', 1, 1372928605),
(739, 'vi', 1, 1, 'Huyn Ha Vang', '', 78, 1, '[]', 1, 1372928606),
(740, 'vi', 1, 1, 'Th X Bun H', '', 79, 15, '[]', 1, 1372928619),
(741, 'vi', 1, 1, 'Thnh Ph Bun Ma Thut', '', 79, 14, '[]', 1, 1372928619),
(742, 'vi', 1, 1, 'Huyn M''rk', '', 79, 13, '[]', 1, 1372928619),
(743, 'vi', 1, 1, 'Huyn Lk', '', 79, 12, '[]', 1, 1372928619),
(744, 'vi', 1, 1, 'Huyn Krng Pk', '', 79, 11, '[]', 1, 1372928619),
(745, 'vi', 1, 1, 'Huyn Krng Nng', '', 79, 10, '[]', 1, 1372928620),
(746, 'vi', 1, 1, 'Huyn Krng Bk', '', 79, 9, '[]', 1, 1372928620),
(747, 'vi', 1, 1, 'Huyn Krng Bng', '', 79, 8, '[]', 1, 1372928620),
(748, 'vi', 1, 1, 'Huyn Krng A Na', '', 79, 7, '[]', 1, 1372928620),
(749, 'vi', 1, 1, 'Huyn Ea Sp', '', 79, 6, '[]', 1, 1372928621),
(750, 'vi', 1, 1, 'Huyn Ea Kar', '', 79, 5, '[]', 1, 1372928621),
(751, 'vi', 1, 1, 'Huyn Ea H''leo', '', 79, 4, '[]', 1, 1372928622),
(752, 'vi', 1, 1, 'Huyn C M''gar', '', 79, 3, '[]', 1, 1372928622),
(753, 'vi', 1, 1, 'Huyn C Kuin', '', 79, 2, '[]', 1, 1372928622),
(754, 'vi', 1, 1, 'Huyn Bun n', '', 79, 1, '[]', 1, 1372928623),
(755, 'vi', 1, 1, 'Th X Gia Ngha', '', 80, 8, '[]', 1, 1372928629),
(756, 'vi', 1, 1, 'Huyn Tuy c', '', 80, 7, '[]', 1, 1372928630),
(757, 'vi', 1, 1, 'Huyn Krng N', '', 80, 6, '[]', 1, 1372928630),
(758, 'vi', 1, 1, 'Huyn k Song', '', 80, 5, '[]', 1, 1372928630),
(759, 'vi', 1, 1, 'Huyn k R''lp', '', 80, 4, '[]', 1, 1372928630),
(760, 'vi', 1, 1, 'Huyn k Mil', '', 80, 3, '[]', 1, 1372928630),
(761, 'vi', 1, 1, 'Huyn k Glong', '', 80, 2, '[]', 1, 1372928630),
(762, 'vi', 1, 1, 'Huyn C Jt', '', 80, 1, '[]', 1, 1372928631),
(763, 'vi', 1, 1, 'Th X Mng Lay', '', 81, 9, '[]', 1, 1372928643),
(764, 'vi', 1, 1, 'Thnh Ph in Bin Ph', '', 81, 8, '[]', 1, 1372928643),
(765, 'vi', 1, 1, 'Huyn Tun Gio', '', 81, 7, '[]', 1, 1372928643),
(766, 'vi', 1, 1, 'Huyn Ta Cha', '', 81, 6, '[]', 1, 1372928643),
(767, 'vi', 1, 1, 'Huyn Mng Nh', '', 81, 5, '[]', 1, 1372928643),
(768, 'vi', 1, 1, 'Huyn Mng Ch', '', 81, 4, '[]', 1, 1372928643),
(769, 'vi', 1, 1, 'Huyn Mng ng', '', 81, 3, '[]', 1, 1372928643),
(770, 'vi', 1, 1, 'Huyn in Bin ng', '', 81, 2, '[]', 1, 1372928644),
(771, 'vi', 1, 1, 'Huyn in Bin', '', 81, 1, '[]', 1, 1372928644),
(772, 'vi', 1, 1, 'Th X Long Khnh', '', 82, 11, '[]', 1, 1372928654),
(773, 'vi', 1, 1, 'Thnh Ph Bin Ha', '', 82, 10, '[]', 1, 1372928654),
(774, 'vi', 1, 1, 'Huyn Xun Lc', '', 82, 9, '[]', 1, 1372928654),
(775, 'vi', 1, 1, 'Huyn Vnh Cu', '', 82, 8, '[]', 1, 1372928654),
(776, 'vi', 1, 1, 'Huyn Trng Bom', '', 82, 7, '[]', 1, 1372928655),
(777, 'vi', 1, 1, 'Huyn Thng Nht', '', 82, 6, '[]', 1, 1372928655),
(778, 'vi', 1, 1, 'Huyn Tn Ph', '', 82, 5, '[]', 1, 1372928655),
(779, 'vi', 1, 1, 'Huyn Nhn Trch', '', 82, 4, '[]', 1, 1372928655),
(780, 'vi', 1, 1, 'Huyn Long Thnh', '', 82, 3, '[]', 1, 1372928655),
(781, 'vi', 1, 1, 'Huyn nh Qun', '', 82, 2, '[]', 1, 1372928656),
(782, 'vi', 1, 1, 'Huyn Cm M', '', 82, 1, '[]', 1, 1372928656),
(783, 'vi', 1, 1, 'Th X Sa c', '', 83, 11, '[]', 1, 1372928668),
(784, 'vi', 1, 1, 'Thnh Ph Cao Lnh', '', 83, 10, '[]', 1, 1372928668),
(785, 'vi', 1, 1, 'Huyn Thp Mi', '', 83, 9, '[]', 1, 1372928669),
(786, 'vi', 1, 1, 'Huyn Thanh Bnh', '', 83, 8, '[]', 1, 1372928669),
(787, 'vi', 1, 1, 'Huyn Tn Hng', '', 83, 7, '[]', 1, 1372928669),
(788, 'vi', 1, 1, 'Huyn Tam Nng', '', 83, 6, '[]', 1, 1372928669),
(789, 'vi', 1, 1, 'Huyn Lp V', '', 83, 5, '[]', 1, 1372928669),
(790, 'vi', 1, 1, 'Huyn Lai Vung', '', 83, 4, '[]', 1, 1372928669),
(791, 'vi', 1, 1, 'Huyn Hng Ng', '', 83, 3, '[]', 1, 1372928670),
(792, 'vi', 1, 1, 'Huyn Chu Thnh', '', 83, 2, '[]', 1, 1372928670),
(793, 'vi', 1, 1, 'Huyn Cao Lnh', '', 83, 1, '[]', 1, 1372928670),
(795, 'vi', 0, 1, 'Nam nh', '', 0, 0, '{"cost":""}', 1, 1373860921);

-- --------------------------------------------------------

--
-- Table structure for table `tbl_comment`
--

CREATE TABLE IF NOT EXISTS `tbl_comment` (
  `id` int(11) NOT NULL AUTO_INCREMENT,
  `language` varchar(2) COLLATE utf8_unicode_ci NOT NULL,
  `user_id` int(11) NOT NULL,
  `name` varchar(50) CHARACTER SET utf8 NOT NULL,
  `phone` varchar(256) COLLATE utf8_unicode_ci NOT NULL,
  `email` varchar(50) COLLATE utf8_unicode_ci NOT NULL,
  `status` tinyint(1) NOT NULL,
  `parent_class` varchar(64) COLLATE utf8_unicode_ci NOT NULL,
  `parent_id` int(11) NOT NULL,
  `title` varchar(256) COLLATE utf8_unicode_ci NOT NULL,
  `content` text COLLATE utf8_unicode_ci NOT NULL,
  `reply` text COLLATE utf8_unicode_ci NOT NULL,
  `other` text COLLATE utf8_unicode_ci NOT NULL,
  `created_time` int(11) NOT NULL,
  `vote` smallint(5) unsigned NOT NULL,
  PRIMARY KEY (`id`)
) ENGINE=InnoDB  DEFAULT CHARSET=utf8 COLLATE=utf8_unicode_ci AUTO_INCREMENT=3 ;

--
-- Dumping data for table `tbl_comment`
--

INSERT INTO `tbl_comment` (`id`, `language`, `user_id`, `name`, `phone`, `email`, `status`, `parent_class`, `parent_id`, `title`, `content`, `reply`, `other`, `created_time`, `vote`) VALUES
(1, '', 0, 'Nguyn Thnh Nam', '', 'motthanhnam@yahoo.com', 1, 'News', 2, '', 'Ti rt thch sn phm ny', '', 'null', 1385971259, 3),
(2, '', 0, 'L Lan', '', 'motthanhnam@yahoo.com', 1, 'News', 2, '', 'HTML5 defines a variety of new input types: sliders, number spinners, popup calendars, color choosers, autocompleting suggest boxes, and more. The beauty of these elements is that you can use them now: for browsers that don''t support a particular input type, there is automatic fallback to standard textfields. There are two keys to understanding why the automatic fallback works consistently in all major browsers:', '', 'null', 1385971420, 2);

-- --------------------------------------------------------

--
-- Table structure for table `tbl_contact`
--

CREATE TABLE IF NOT EXISTS `tbl_contact` (
  `id` int(11) NOT NULL AUTO_INCREMENT,
  `status` tinyint(1) NOT NULL DEFAULT '0',
  `name` varchar(64) NOT NULL,
  `tel` varchar(64) NOT NULL,
  `email` varchar(64) NOT NULL,
  `address` varchar(256) NOT NULL,
  `other` text NOT NULL,
  `created_time` int(11) NOT NULL,
  PRIMARY KEY (`id`)
) ENGINE=InnoDB  DEFAULT CHARSET=utf8 AUTO_INCREMENT=2 ;

--
-- Dumping data for table `tbl_contact`
--

INSERT INTO `tbl_contact` (`id`, `status`, `name`, `tel`, `email`, `address`, `other`, `created_time`) VALUES
(1, 0, 'Nguyen Nam', '0977232323', 'motthanhnam@yahoo.com', '', '{"title":"T\\u00f4i mu\\u1ed1n li\\u00ean h\\u1ec7","content":"T\\u00f4i muoonsl i\\u00ean h\\u1ec7 v\\u1edbi qu\\u00fd c\\u00f4ng ty"}', 1385975581);

-- --------------------------------------------------------

--
-- Table structure for table `tbl_customer`
--

CREATE TABLE IF NOT EXISTS `tbl_customer` (
  `id` int(11) NOT NULL AUTO_INCREMENT,
  `password` varchar(128) CHARACTER SET utf8 COLLATE utf8_unicode_ci NOT NULL,
  `salt` varchar(128) CHARACTER SET utf8 COLLATE utf8_unicode_ci NOT NULL,
  `status` tinyint(4) NOT NULL DEFAULT '0',
  `email` varchar(128) CHARACTER SET utf8 COLLATE utf8_unicode_ci NOT NULL,
  `fullname` varchar(64) NOT NULL,
  `phone` varchar(32) NOT NULL,
  `tel` varchar(32) NOT NULL,
  `address` varchar(256) NOT NULL,
  `province_id` int(10) unsigned NOT NULL,
  `district_id` int(10) unsigned NOT NULL,
  `other` varchar(2048) CHARACTER SET utf8 COLLATE utf8_unicode_ci NOT NULL,
  `created_time` int(11) NOT NULL,
  `created_by` int(11) NOT NULL,
  `last_visit_date` int(11) NOT NULL,
  PRIMARY KEY (`id`),
  UNIQUE KEY `email` (`email`)
) ENGINE=InnoDB DEFAULT CHARSET=utf8 AUTO_INCREMENT=1 ;

-- --------------------------------------------------------

--
-- Table structure for table `tbl_document`
--

CREATE TABLE IF NOT EXISTS `tbl_document` (
  `id` int(11) NOT NULL AUTO_INCREMENT,
  `language` char(8) NOT NULL DEFAULT 'vi',
  `status` tinyint(1) NOT NULL DEFAULT '1',
  `name` varchar(256) NOT NULL,
  `cat_id` int(11) NOT NULL,
  `home` tinyint(1) NOT NULL DEFAULT '0',
  `new` tinyint(1) NOT NULL DEFAULT '0',
  `order_view` int(11) NOT NULL DEFAULT '1',
  `other` varchar(1024) NOT NULL,
  `visits` int(11) NOT NULL DEFAULT '0',
  `created_by` int(11) NOT NULL,
  `created_time` int(11) NOT NULL,
  PRIMARY KEY (`id`),
  KEY `language` (`language`)
) ENGINE=InnoDB DEFAULT CHARSET=utf8 AUTO_INCREMENT=1 ;

-- --------------------------------------------------------

--
-- Table structure for table `tbl_document_file`
--

CREATE TABLE IF NOT EXISTS `tbl_document_file` (
  `id` int(11) NOT NULL AUTO_INCREMENT,
  `document_id` int(11) NOT NULL,
  `file_id` int(11) NOT NULL,
  PRIMARY KEY (`id`)
) ENGINE=InnoDB DEFAULT CHARSET=utf8 AUTO_INCREMENT=1 ;

-- --------------------------------------------------------

--
-- Table structure for table `tbl_embedded_video`
--

CREATE TABLE IF NOT EXISTS `tbl_embedded_video` (
  `id` int(11) NOT NULL AUTO_INCREMENT,
  `language` char(8) NOT NULL,
  `status` tinyint(1) NOT NULL DEFAULT '1',
  `name` varchar(256) NOT NULL,
  `v` varchar(32) NOT NULL,
  `cat_id` int(11) NOT NULL,
  `order_view` int(11) NOT NULL,
  `home` tinyint(1) NOT NULL,
  `new` tinyint(1) NOT NULL,
  `other` varchar(2048) NOT NULL,
  `visits` int(11) NOT NULL,
  `created_by` int(11) NOT NULL,
  `created_time` int(11) NOT NULL,
  PRIMARY KEY (`id`)
) ENGINE=InnoDB  DEFAULT CHARSET=utf8 AUTO_INCREMENT=5 ;

--
-- Dumping data for table `tbl_embedded_video`
--

INSERT INTO `tbl_embedded_video` (`id`, `language`, `status`, `name`, `v`, `cat_id`, `order_view`, `home`, `new`, `other`, `visits`, `created_by`, `created_time`) VALUES
(1, 'vi', 1, 'Khc tm tnh ngi H Tnh', 'De_x9NVCEy4', 4, 1, 0, 0, '{"introimage_id":"12","description":"Kh\\u00fac t\\u00e2m t\\u00ecnh ng\\u01b0\\u1eddi H\\u00e0 T\\u0129nh","meta_title":"Kh\\u00fac t\\u00e2m t\\u00ecnh ng\\u01b0\\u1eddi H\\u00e0 T\\u0129nh","meta_keyword":"Kh\\u00fac t\\u00e2m t\\u00ecnh ng\\u01b0\\u1eddi H\\u00e0 T\\u0129nh","meta_description":"Kh\\u00fac t\\u00e2m t\\u00ecnh ng\\u01b0\\u1eddi H\\u00e0 T\\u0129nh"}', 0, 1, 1385981529),
(2, 'vi', 1, 'Khc tm tnh ngi H Tnh_copy', 'BeiZFUZtfy4', 4, 0, 0, 0, '{"meta_keyword":"Kh\\u00fac t\\u00e2m t\\u00ecnh ng\\u01b0\\u1eddi H\\u00e0 T\\u0129nh","meta_description":"Kh\\u00fac t\\u00e2m t\\u00ecnh ng\\u01b0\\u1eddi H\\u00e0 T\\u0129nh","meta_title":"Kh\\u00fac t\\u00e2m t\\u00ecnh ng\\u01b0\\u1eddi H\\u00e0 T\\u0129nh","introimage_id":"15","description":""}', 0, 1, 1386047290),
(3, 'vi', 1, 'Khc tm tnh ngi H Tnh_copy_copy', 'BeiZFUZtfy4', 4, 0, 0, 0, '{"meta_keyword":"Kh\\u00fac t\\u00e2m t\\u00ecnh ng\\u01b0\\u1eddi H\\u00e0 T\\u0129nh","meta_description":"Kh\\u00fac t\\u00e2m t\\u00ecnh ng\\u01b0\\u1eddi H\\u00e0 T\\u0129nh","meta_title":"Kh\\u00fac t\\u00e2m t\\u00ecnh ng\\u01b0\\u1eddi H\\u00e0 T\\u0129nh","introimage_id":"14","description":""}', 0, 1, 1386047322),
(4, 'vi', 1, 'Khc tm tnh ngi H Tnh_copy', 'BeiZFUZtfy4', 4, 0, 0, 0, '{"meta_keyword":"Kh\\u00fac t\\u00e2m t\\u00ecnh ng\\u01b0\\u1eddi H\\u00e0 T\\u0129nh","meta_description":"Kh\\u00fac t\\u00e2m t\\u00ecnh ng\\u01b0\\u1eddi H\\u00e0 T\\u0129nh","meta_title":"Kh\\u00fac t\\u00e2m t\\u00ecnh ng\\u01b0\\u1eddi H\\u00e0 T\\u0129nh","introimage_id":"13","description":""}', 0, 1, 1386047322);

-- --------------------------------------------------------

--
-- Table structure for table `tbl_file`
--

CREATE TABLE IF NOT EXISTS `tbl_file` (
  `id` int(11) NOT NULL AUTO_INCREMENT,
  `filename` varchar(256) NOT NULL,
  `extension` varchar(32) NOT NULL,
  `dirname` varchar(256) NOT NULL,
  `created_by` int(11) NOT NULL,
  `created_time` int(11) NOT NULL,
  `history` text NOT NULL,
  PRIMARY KEY (`id`)
) ENGINE=InnoDB  DEFAULT CHARSET=utf8 AUTO_INCREMENT=41 ;

--
-- Dumping data for table `tbl_file`
--

INSERT INTO `tbl_file` (`id`, `filename`, `extension`, `dirname`, `created_by`, `created_time`, `history`) VALUES
(1, 'slider1', 'jpg', 'data/upload/image/2013/11/28', 1, 1385625183, '[]'),
(2, 'slider1-64', 'jpg', 'data/upload/image/2013/11/28', 1, 1385628873, '[]'),
(3, 'slider1-27', 'jpg', 'data/upload/image/2013/11/28', 1, 1385630370, '[]'),
(4, 'azacne', 'png', 'data/upload/image/2013/11/28', 1, 1385630558, '[]'),
(5, 'explaq', 'png', 'data/upload/image/2013/11/28', 1, 1385630670, '[]'),
(6, 'slider3', 'jpg', 'data/upload/image/2013/11/28', 1, 1385631351, '[]'),
(7, 'fav', 'png', 'data/upload/image/2013/11/28', 1, 1385635914, '[]'),
(8, 'fav-14', 'png', 'data/upload/image/2013/11/28', 1, 1385635938, '[]'),
(9, 'fav-61', 'png', 'data/upload/image/2013/11/28', 1, 1385635961, '[]'),
(10, 'image1', 'jpg', 'data/upload/image/2013/11/30', 1, 1385803837, '[]'),
(11, 'image1-92', 'jpg', 'data/upload/image/2013/11/30', 1, 1385804137, '[]'),
(12, 'video1', 'jpg', 'data/upload/image/2013/12/02', 1, 1385981658, '[]'),
(13, 'image1', 'jpg', 'data/upload/image/2013/12/03', 1, 1386053710, '[]'),
(14, 'image2', 'jpg', 'data/upload/image/2013/12/03', 1, 1386053732, '[]'),
(15, 'map1', 'jpg', 'data/upload/image/2013/12/03', 1, 1386053743, '[]'),
(16, 'Banner2', 'jpg', 'data/upload/image/2013/12/12', 1, 1386839075, '[]'),
(17, 'quoc-tu-giam', 'jpg', 'data/upload/image/2013/12/12', 1, 1386839449, '[]'),
(18, 'images', 'jpg', 'data/upload/image/2013/12/12', 1, 1386841288, '[]'),
(19, 'hg', 'jpg', 'data/upload/image/2013/12/12', 1, 1386841290, '[]'),
(20, 'images-(1)', 'jpg', 'data/upload/image/2013/12/12', 1, 1386841301, '[]'),
(21, 'Du-Lich-Mien-Bac-2011-07-11-09-32-55', 'jpg', 'data/upload/image/2013/12/12', 1, 1386841750, '[]'),
(22, 'tin-tuc', 'jpg', 'data/upload/image/2013/12/17', 1, 1387276483, '[]'),
(23, 'image2', 'jpg', 'data/upload/image/2013/12/17', 1, 1387278474, '[]'),
(24, 'TheFirstNoel-HienThuc-2622891', 'mp3', 'data/upload/clip/2013/12/18', 1, 1387339064, '[]'),
(25, 'hien-thuc', 'jpg', 'data/upload/image/2013/12/18', 1, 1387339115, '[]'),
(26, 'du-lich-pho-co-2', 'jpg', 'data/upload/image/2013/12/18', 1, 1387354342, '[]'),
(27, 'Sotaydulich_Khoi_day_tiem_nang_du_lich_pho_co', 'jpg', 'data/upload/image/2013/12/18', 1, 1387354343, '[]'),
(28, 'du-lich-pho-co-1', 'jpg', 'data/upload/image/2013/12/18', 1, 1387354344, '[]'),
(29, 'tu-van-du-lich', 'jpg', 'data/upload/image/2013/12/18', 1, 1387354344, '[]'),
(30, 'sai_gon_5', 'jpg', 'data/upload/image/2013/12/19', 1, 1387443063, '[]'),
(31, 'Bonjour-Viet-Nam-(Quynh-Anh)', 'mp3', 'data/upload/clip/2013/12/20', 1, 1387510377, '[]'),
(32, 'quynhanh6765435nt1', 'jpg', 'data/upload/image/2013/12/20', 1, 1387510488, '[]'),
(33, 'tu-van-du-lich', 'jpg', 'data/upload/image/2013/12/20', 1, 1387523687, '[]'),
(34, 'du-lich-pho-co-2', 'jpg', 'data/upload/image/2013/12/20', 1, 1387524073, '[]'),
(35, 'tu-van-du-lich-68', 'jpg', 'data/upload/image/2013/12/20', 1, 1387525118, '[]'),
(36, 'fav', 'png', 'data/upload/image/2013/12/20', 1, 1387528317, '[]'),
(37, 'trai-he-cong-nghe-thong-tin-saigontech-2012', 'JPG', 'data/upload/image/2013/12/20', 1, 1387531694, '[]'),
(38, 'moc-chau', 'jpg', 'data/upload/image/2014/01/02', 1, 1388641535, '[]'),
(39, 'sa-pa', 'jpg', 'data/upload/image/2014/01/02', 1, 1388641802, '[]'),
(40, 'angry_bird', 'png', 'data/upload/image/2014/01/08', 1, 1389159147, '[]');

-- --------------------------------------------------------

--
-- Table structure for table `tbl_healthNews`
--

CREATE TABLE IF NOT EXISTS `tbl_healthNews` (
  `id` int(11) NOT NULL AUTO_INCREMENT,
  `language` char(8) NOT NULL,
  `status` tinyint(1) NOT NULL,
  `introimage_id` int(10) unsigned NOT NULL,
  `cat_id` int(11) NOT NULL,
  `alias` varchar(256) NOT NULL,
  `name` varchar(256) NOT NULL,
  `meta_title` varchar(256) NOT NULL,
  `meta_keyword` varchar(256) NOT NULL,
  `meta_description` varchar(256) NOT NULL,
  `news_image` varchar(256) NOT NULL,
  `introtext` text NOT NULL,
  `content` text NOT NULL,
  `other` text NOT NULL,
  `home` tinyint(1) NOT NULL,
  `new` tinyint(1) NOT NULL,
  `order_view` int(11) NOT NULL,
  `CreateDate` datetime DEFAULT NULL,
  `visits` int(11) unsigned NOT NULL,
  `created_time` int(10) unsigned NOT NULL,
  `created_by` int(11) unsigned NOT NULL,
  PRIMARY KEY (`id`)
) ENGINE=InnoDB DEFAULT CHARSET=utf8 AUTO_INCREMENT=1 ;

-- --------------------------------------------------------

--
-- Table structure for table `tbl_healthNews_image`
--

CREATE TABLE IF NOT EXISTS `tbl_healthNews_image` (
  `id` int(11) NOT NULL AUTO_INCREMENT,
  `healthNews_id` int(11) NOT NULL,
  `image_id` int(11) NOT NULL,
  `type` tinyint(4) NOT NULL,
  PRIMARY KEY (`id`)
) ENGINE=InnoDB DEFAULT CHARSET=utf8 AUTO_INCREMENT=1 ;

-- --------------------------------------------------------

--
-- Table structure for table `tbl_image`
--

CREATE TABLE IF NOT EXISTS `tbl_image` (
  `id` int(11) NOT NULL AUTO_INCREMENT,
  `status` tinyint(1) NOT NULL DEFAULT '1',
  `name` varchar(256) NOT NULL,
  `intro` varchar(255) NOT NULL,
  `parent_id` int(11) NOT NULL,
  `file_id` int(11) NOT NULL,
  `created_by` int(11) NOT NULL,
  `created_time` int(11) NOT NULL,
  PRIMARY KEY (`id`)
) ENGINE=InnoDB  DEFAULT CHARSET=utf8 AUTO_INCREMENT=39 ;

--
-- Dumping data for table `tbl_image`
--

INSERT INTO `tbl_image` (`id`, `status`, `name`, `intro`, `parent_id`, `file_id`, `created_by`, `created_time`) VALUES
(1, 1, 'slider1', '', 0, 1, 1, 1385625183),
(2, 1, 'slider1-64', '', 0, 2, 1, 1385628873),
(3, 1, 'slider1-27', '', 0, 3, 1, 1385630370),
(4, 1, 'azacne', '', 0, 4, 1, 1385630558),
(5, 1, 'explaq', '', 0, 5, 1, 1385630670),
(6, 1, 'slider3', '', 0, 6, 1, 1385631352),
(7, 1, 'fav', '', 0, 7, 1, 1385635914),
(8, 1, 'fav-14', '', 0, 8, 1, 1385635938),
(9, 1, 'fav-61', '', 0, 9, 1, 1385635961),
(10, 1, 'image1', '', 0, 10, 1, 1385803837),
(11, 1, 'image1-92', '', 0, 11, 1, 1385804137),
(12, 1, 'video1', '', 0, 12, 1, 1385981658),
(13, 1, 'image1', '', 0, 13, 1, 1386053710),
(14, 1, 'image2', '', 0, 14, 1, 1386053732),
(15, 1, 'map1', '', 0, 15, 1, 1386053743),
(16, 1, 'Banner2', '', 0, 16, 1, 1386839076),
(17, 1, 'quoc-tu-giam', '', 0, 17, 1, 1386839449),
(18, 1, 'images', '', 0, 18, 1, 1386841289),
(19, 1, 'hg', '', 0, 19, 1, 1386841290),
(20, 1, 'images-(1)', '', 0, 20, 1, 1386841303),
(21, 1, 'Du-Lich-Mien-Bac-2011-07-11-09-32-55', '', 0, 21, 1, 1386841750),
(22, 1, 'tin-tuc', '', 0, 22, 1, 1387276484),
(23, 1, 'image2', '', 0, 23, 1, 1387278477),
(24, 1, 'hien-thuc', '', 0, 25, 1, 1387339116),
(25, 1, 'du-lich-pho-co-2', '', 0, 26, 1, 1387354343),
(26, 1, 'Sotaydulich_Khoi_day_tiem_nang_du_lich_pho_co', '', 0, 27, 1, 1387354344),
(27, 1, 'du-lich-pho-co-1', '', 0, 28, 1, 1387354344),
(28, 1, 'tu-van-du-lich', '', 0, 29, 1, 1387354344),
(29, 1, 'sai_gon_5', '', 0, 30, 1, 1387443063),
(30, 1, 'quynhanh6765435nt1', '', 0, 32, 1, 1387510488),
(31, 1, 'tu-van-du-lich', '', 0, 33, 1, 1387523687),
(32, 1, 'du-lich-pho-co-2', '', 0, 34, 1, 1387524076),
(33, 1, 'tu-van-du-lich-68', '', 0, 35, 1, 1387525118),
(34, 1, 'fav', '', 0, 36, 1, 1387528317),
(35, 1, 'trai-he-cong-nghe-thong-tin-saigontech-2012', '', 0, 37, 1, 1387531694),
(36, 1, 'moc-chau', '', 0, 38, 1, 1388641535),
(37, 1, 'sa-pa', '', 0, 39, 1, 1388641802),
(38, 1, 'angry_bird', '', 0, 40, 1, 1389159147);

-- --------------------------------------------------------

--
-- Table structure for table `tbl_intro`
--

CREATE TABLE IF NOT EXISTS `tbl_intro` (
  `id` int(11) NOT NULL AUTO_INCREMENT,
  `language` char(8) NOT NULL,
  `status` tinyint(1) NOT NULL,
  `title` varchar(256) NOT NULL,
  `cat_id` int(11) NOT NULL,
  `introimage_id` int(11) NOT NULL,
  `order_view` int(11) NOT NULL,
  `new` tinyint(1) NOT NULL,
  `home` tinyint(1) NOT NULL,
  `footer` tinyint(1) NOT NULL,
  `other` text NOT NULL,
  `visits` int(11) NOT NULL,
  `created_by` int(11) NOT NULL,
  `created_time` int(11) NOT NULL,
  PRIMARY KEY (`id`)
) ENGINE=InnoDB  DEFAULT CHARSET=utf8 AUTO_INCREMENT=8 ;

--
-- Dumping data for table `tbl_intro`
--

INSERT INTO `tbl_intro` (`id`, `language`, `status`, `title`, `cat_id`, `introimage_id`, `order_view`, `new`, `home`, `footer`, `other`, `visits`, `created_by`, `created_time`) VALUES
(5, 'vi', 1, 'Voyages quitables et dveloppement local', 8, 0, 0, 0, 1, 0, '{"meta_title":"Voyages \\u00e9quitables et d\\u00e9veloppement local","meta_keyword":"Voyages \\u00e9quitables et d\\u00e9veloppement local","meta_description":"Voyages \\u00e9quitables et d\\u00e9veloppement local","content":"<p><span>A la rencontre des peuples et des <strong>culturesNotre<\\/strong> volont&eacute; est de vous faire d&eacute;couvrir <strong>des lieux<\\/strong> qui nous ont &eacute;mus, de partager notre go&ucirc;t du voyage humaniste, nos r&ecirc;ves de beaut&eacute;, en approchant, tout en douceur, les r&eacute;alit&eacute;s de la vie locale.<\\/span><\\/p>"}', 0, 1, 1387334175),
(6, 'vi', 1, 'Du lch t chn', 16, 33, 0, 1, 0, 0, '{"meta_title":"Du l\\u1ecbch t\\u1ef1 ch\\u1ecdn","meta_keyword":"Du l\\u1ecbch t\\u1ef1 ch\\u1ecdn","meta_description":"Du l\\u1ecbch t\\u1ef1 ch\\u1ecdn","content":"<p>Ch&uacute;ng t&ocirc;i c&oacute; nh\\u1eefng g\\u1ee3i &yacute; cho c&aacute;c b\\u1ea1n, h&atilde;y tham kh\\u1ea3o danh s&aacute;ch c&aacute;c \\u0111i\\u1ec3m \\u0111\\u1ebfn h\\u1ea5p d\\u1eabn c\\u1ee7a Vi\\u1ec7t Nam, m&agrave; ch&uacute;ng t&ocirc;i \\u0111\\u1ec1 xu\\u1ea5t.<\\/p>"}', 0, 1, 1387525206),
(7, 'vi', 1, 'Chnh sch khuyn mi chung', 8, 0, 0, 0, 0, 1, '{"meta_title":"Ch\\u00ednh s\\u00e1ch khuy\\u1ebfn m\\u00e3i chung","meta_keyword":"Ch\\u00ednh s\\u00e1ch khuy\\u1ebfn m\\u00e3i chung","meta_description":"Ch\\u00ednh s\\u00e1ch khuy\\u1ebfn m\\u00e3i chung","content":"<p>Vous &ecirc;tes un groupe d''un minimum de <strong>4 personnes<\\/strong>...<\\/p>\\r\\n<p>Vous d&eacute;sirez un voyage particulier, individualis&eacute;, un d&eacute;part d&eacute;cal&eacute;...,<\\/p>\\r\\n<p>Vous d&eacute;sirez profiter de notre exp&eacute;rience pour organiser un stage en pleine nature (dunes, montagne, bord de rivi&egrave;re ou d''oc&eacute;an). C''est possible, t&eacute;l&eacute;phonez-nous, <strong>envoyez-nous un mail.<\\/strong><\\/p>"}', 0, 1, 1388732260);

-- --------------------------------------------------------

--
-- Table structure for table `tbl_menu`
--

CREATE TABLE IF NOT EXISTS `tbl_menu` (
  `id` int(11) NOT NULL AUTO_INCREMENT,
  `language` char(8) COLLATE utf8_unicode_ci NOT NULL DEFAULT 'vi',
  `type` smallint(6) NOT NULL,
  `name` varchar(128) COLLATE utf8_unicode_ci NOT NULL,
  `parent_id` int(11) NOT NULL,
  `order_view` smallint(6) NOT NULL,
  `status` tinyint(1) NOT NULL,
  `other` varchar(1024) COLLATE utf8_unicode_ci NOT NULL,
  `created_by` int(11) NOT NULL,
  `created_time` int(11) NOT NULL,
  PRIMARY KEY (`id`),
  KEY `language` (`language`)
) ENGINE=InnoDB  DEFAULT CHARSET=utf8 COLLATE=utf8_unicode_ci AUTO_INCREMENT=42 ;

--
-- Dumping data for table `tbl_menu`
--

INSERT INTO `tbl_menu` (`id`, `language`, `type`, `name`, `parent_id`, `order_view`, `status`, `other`, `created_by`, `created_time`) VALUES
(4, 'vi', 1, 'Trang ch', 0, 1, 1, '{"url":"\\/aventhuhavietnam.com","target":"","rel":"","title":"Trang ch\\u1ee7"}', 1, 1373012738),
(5, 'vi', 1, 'Gi  tour', 0, 3, 1, '{"url":"\\/aventhuhavietnam.com\\/suggest-tour","target":"","rel":"","title":"G\\u1ee3i \\u00fd tour"}', 1, 1373012744),
(6, 'vi', 1, 'V chng ti', 0, 6, 1, '{"url":"#","target":"","rel":"","title":"V\\u1ec1 ch\\u00fang t\\u00f4i"}', 1, 1373012754),
(10, 'vi', 1, 'Du lch cng bng', 0, 3, 1, '{"url":"#","target":"","rel":"","title":"Du l\\u1ecbch c\\u00f4ng b\\u1eb1ng"}', 1, 1373259210),
(13, 'en', 1, 'Home', 0, 1, 1, '{"url":"\\/home.aspx","target":"","rel":"","title":"Home page"}', 1, 1377688706),
(14, 'en', 1, 'About us', 0, 1, 1, '{"url":"\\/about-us.aspx","target":"","rel":"","title":"About us"}', 1, 1377688722),
(15, 'en', 1, 'Products', 0, 3, 1, '{"url":"\\/products.aspx","target":"","rel":"","title":"Products"}', 1, 1377688734),
(16, 'en', 1, 'Health categories', 0, 4, 1, '{"url":"\\/health-categories.aspx","target":"","rel":"","title":"Health Categories of A Au"}', 1, 1377688785),
(17, 'en', 1, 'Advisory board', 0, 6, 1, '{"url":"\\/advisory-board.aspx","target":"","rel":"","title":"Advisory board"}', 1, 1377688832),
(18, 'en', 1, 'Health consultancy', 0, 5, 1, '{"url":"\\/health-consultancy.aspx","target":"","rel":"","title":"Health consultancy"}', 1, 1377688845),
(29, 'en', 1, 'Medical News', 16, 1, 1, '{"url":"\\/health-categories\\/medical-news.aspx","title":"Mediacal news","target":"","rel":""}', 1, 1383538002),
(30, 'en', 1, 'Treatment experience', 16, 2, 1, '{"url":"\\/health-categories\\/treatment-experience.aspx","title":"Treatment experience","target":"","rel":""}', 1, 1383538030),
(31, 'en', 1, 'Nutrition diet', 16, 3, 1, '{"url":"\\/health-categories\\/nutrition-diet.aspx","title":"Nutrition diet","target":"","rel":""}', 1, 1383538059),
(32, 'vi', 1, 'Chng trnh tour', 10, 1, 1, '{"url":"\\/aventhuhavietnam.com\\/tour-cat\\/du-lich-cong-bang","title":"Ch\\u01b0\\u01a1ng tr\\u00ecnh tour","target":"","rel":""}', 1, 1387526413),
(33, 'vi', 1, 'Khi nim du lch cng bng', 10, 2, 1, '{"url":"\\/aventhuhavietnam.com\\/news\\/du-lich-cong-bang\\/khai-niem-du-lich-cong-bang","title":"Kh\\u00e1i ni\\u1ec7m du l\\u1ecbch c\\u00f4ng b\\u1eb1ng","target":"","rel":""}', 1, 1387526430),
(34, 'vi', 1, 'D n pht trin a phng', 10, 3, 1, '{"url":"\\/aventhuhavietnam.com\\/news\\/phat-trien-dia-phuong\\/du-an-phat-trien-dia-phuong","title":"D\\u1ef1 \\u00e1n ph\\u00e1t tri\\u1ec3n \\u0111\\u1ecba ph\\u01b0\\u01a1ng","target":"","rel":""}', 1, 1387526447),
(36, 'vi', 1, 'Chng trnh kt hp', 0, 4, 1, '{"url":"#","title":"Ch\\u01b0\\u01a1ng tr\\u00ecnh k\\u1ebft h\\u1ee3p","target":"","rel":""}', 1, 1387526514),
(37, 'vi', 1, 'Chng trnh t chn', 0, 5, 1, '{"url":"#","title":"Ch\\u01b0\\u01a1ng tr\\u00ecnh t\\u1ef1 ch\\u1ecdn","target":"","rel":""}', 1, 1387526569),
(38, 'vi', 1, 'Cu chuyn ca chng ti', 6, 1, 1, '{"url":"\\/aventhuhavietnam.com\\/news\\/ve-chung-toi\\/cau-chuyen-cua-chung-toi","title":"C\\u00e2u chuy\\u1ec7n c\\u1ee7a ch\\u00fang t\\u00f4i","target":"","rel":""}', 1, 1387526772),
(39, 'vi', 1, 'i ng ca chng ti', 6, 2, 1, '{"url":"\\/aventhuhavietnam.com\\/news\\/ve-chung-toi\\/doi-ngu-cua-chung-toi","title":"\\u0110\\u1ed9i ng\\u0169 c\\u1ee7a ch\\u00fang t\\u00f4i","target":"","rel":""}', 1, 1387526786),
(40, 'vi', 1, 'iu khon chung v mua bn sn phm du lch ', 6, 3, 1, '{"url":"\\/aventhuhavietnam.com\\/news\\/ve-chung-toi\\/dieu-khoan-chung-ve-mua-ban-san-pham-du-lich","title":"\\u0110i\\u1ec1u kho\\u1ea3n chung v\\u1ec1 mua b\\u00e1n s\\u1ea3n ph\\u1ea9m du l\\u1ecbch ","target":"","rel":""}', 1, 1387526802),
(41, 'vi', 1, 'T liu v chng ti', 6, 4, 1, '{"url":"\\/aventhuhavietnam.com\\/news\\/ve-chung-toi\\/tu-lieu-ve-chung-toi","title":"T\\u01b0 li\\u1ec7u v\\u1ec1 ch\\u00fang t\\u00f4i","target":"","rel":""}', 1, 1387526826);

-- --------------------------------------------------------

--
-- Table structure for table `tbl_news`
--

CREATE TABLE IF NOT EXISTS `tbl_news` (
  `id` int(11) unsigned NOT NULL AUTO_INCREMENT,
  `language` char(8) NOT NULL,
  `cat_id` int(11) unsigned NOT NULL,
  `introimage_id` int(10) unsigned NOT NULL,
  `news_image` varchar(256) NOT NULL,
  `alias` varchar(256) NOT NULL,
  `meta_keyword` varchar(256) NOT NULL,
  `meta_description` varchar(256) NOT NULL,
  `name` varchar(256) NOT NULL,
  `meta_title` varchar(256) NOT NULL,
  `introtext` text NOT NULL,
  `content` text NOT NULL,
  `other` text NOT NULL,
  `source` varchar(100) NOT NULL,
  `order_view` int(11) NOT NULL,
  `home` tinyint(1) NOT NULL,
  `new` tinyint(1) NOT NULL,
  `status` tinyint(1) NOT NULL,
  `created_time` int(11) NOT NULL,
  `CreateDate` varchar(20) NOT NULL,
  `visits` int(10) unsigned NOT NULL,
  `created_by` int(11) unsigned NOT NULL,
  PRIMARY KEY (`id`)
) ENGINE=InnoDB  DEFAULT CHARSET=utf8 AUTO_INCREMENT=15 ;

--
-- Dumping data for table `tbl_news`
--

INSERT INTO `tbl_news` (`id`, `language`, `cat_id`, `introimage_id`, `news_image`, `alias`, `meta_keyword`, `meta_description`, `name`, `meta_title`, `introtext`, `content`, `other`, `source`, `order_view`, `home`, `new`, `status`, `created_time`, `CreateDate`, `visits`, `created_by`) VALUES
(4, 'vi', 3, 23, '', 'promotions', 'Promotions', 'Promotions', 'Promotions', 'Promotions', '<p><span class="xr_tl Normal_text textedescriptif">Le froid arrive &agrave; grand pas.... Vous avez envie d&rsquo;un beau </span><span class="xr_tl Normal_text textedescriptif">voyage au soleil... Maroc:&nbsp; Erg Zahar &agrave; partir de 800 &euro;. 5 </span><span class="xr_tl Normal_text textedescriptif">jours &agrave; Marrakech en maison d&rsquo;h&ocirc;te au c&oelig;ur de la m&eacute;dina </span><span class="xr_tl Normal_text textedescriptif">en demi pension au d&eacute;part de Bruxelles... </span><span class="xr_tl Normal_text textedescriptif">D&eacute;parts assur&eacute;s, places restantes...</span></p>', '<p><strong><span class="xr_tl Normal_text"><span class="Normal_text">Maroc </span></span></strong></p>\r\n<p><span class="xr_tl Normal_text">5 jours/4 nuits &agrave; Marrakech en <a target="_self"><span class="Normal_text">maison d&rsquo;h&ocirc;te</span></a>&nbsp;au c&oelig;ur de la m&eacute;dina (1/2 </span><span class="xr_tl Normal_text">pension), vol compris au d&eacute;part de BRUXELLES: </span><span class="xr_tl Normal_text">Du 12/01 au 16/01 : 350 &euro; </span><span class="xr_tl Normal_text">Du 19/01 au 23/01 ou du 26/01 au 30/01: 385 &euro;</span><span class="xr_tl Normal_text">5 jours &agrave; Marrakech en maison d''h&ocirc;te au c&oelig;ur de la m&eacute;dina en 1/2 </span><span class="xr_tl Normal_text">pension aux dates de votre choix &agrave; partir de 380 &euro;/pers vol compris. </span><span class="xr_tl Normal_text">Nous contacter. </span></p>\r\n<p><span class="xr_tl Normal_text">D&eacute;parts assur&eacute;s et il reste des places:</span><span class="xr_tl Normal_text">Du 25/12 au 01/01: <a><span class="Normal_text">Erg Zahar</span></a>, tr&egrave;s beau trek chamelier dans le d&eacute;sert </span><span class="xr_tl Normal_text">et bivouac &agrave; la belle &eacute;toile.</span></p>\r\n<p><span class="xr_tl Normal_text">Du 28/12 au 05/01: <a><span class="Normal_text">vall&eacute;e du Draa</span></a>, une belle d&eacute;couverte facile de la </span><span class="xr_tl Normal_text">palmeraie et du d&eacute;sert ouverte &agrave; tous. voir </span><span class="xr_tl Normal_text">Du 04/01 au 12/01 ou du 18/01 au 26/01: <a><span class="Normal_text">Erg Zahar</span></a>&nbsp;&agrave; partir de <span class="Normal_text">800 &euro;</span>&nbsp;</span><span class="xr_tl Normal_text">tout compris</span><span class="xr_tl Normal_text"><span class="Normal_text">Auto tours </span>entre le 15/11 et le 15/12 ou entre le 10/01 et le 15/02 </span><span class="xr_tl Normal_text">avec h&eacute;bergement chez l''habitant prix minimum &agrave; partir de </span><span class="xr_tl Normal_text"><span class="Normal_text">650</span>&euro;/pers/semaine tout compris</span><span class="xr_tl Normal_text">Tunisie</span><span class="xr_tl Normal_text">Du 29/12 au 05/01: <a><span class="Normal_text">Zaafrane et Toujane</span></a>, randonn&eacute;e facile dans le </span><span class="xr_tl Normal_text">d&eacute;sert et d&eacute;couverte de la montagne proche de la mer. </span></p>\r\n<p><span class="xr_tl Normal_text">Du 12 au 19/01 ou du 02 au 09/02: <a><span class="Normal_text">Zaafrane et Omtoba</span></a>, une tr&egrave;s </span><span class="xr_tl Normal_text">belle randonn&eacute;e chameli&egrave;re facile dans les dunes &agrave; partir de <span class="Normal_text">790 &euro; </span></span><span class="xr_tl Normal_text">S&eacute;n&eacute;gal</span><span class="xr_tl Normal_text">9 jours dans les mangroves du Sin&eacute; Saloum</span><span class="xr_tl Normal_text">Du 28/12 au 05/01/13 : <span class="Normal_text">1550 &euro; </span></span><span class="xr_tl Normal_text">Prix indiqu&eacute;s au d&eacute;part de Paris</span></p>', '{"tmp_image_ids":""}', '', 1, 0, 0, 1, 1387277275, '', 29, 1),
(7, 'vi', 11, 0, '', 'repartition-du-prix-du-voyage-et-financement-du-developpement-20122013', 'Rpartition du prix du voyage et financement du dveloppement 2012-2013', 'Rpartition du prix du voyage et financement du dveloppement 2012-2013', 'Rpartition du prix du voyage et financement du dveloppement 2012-2013', 'Rpartition du prix du voyage et financement du dveloppement 2012-2013', '<h1 class="xr_tc Heading_1">R&eacute;partition du prix du voyage et financement du</h1>\r\n<h1 class="xr_tc Heading_1">d&eacute;veloppement 2012-2013</h1>', '<p class="xr_tc Heading_1"><span class="xr_tl Normal_text textedescriptif"><span class="Normal_text textedescriptif">Des itin&eacute;raires et des programmes &eacute;labor&eacute;s avec soin </span>: </span><span class="xr_tl Normal_text textedescriptif">chaque voyage a &eacute;t&eacute; mis en place par le responsable de </span><span class="xr_tl Normal_text textedescriptif">Croq&rsquo;Nature et nos partenaires locaux. Les appr&eacute;ciations que les </span><span class="xr_tl Normal_text textedescriptif">voyageurs nous adressent &agrave; leur retour de voyage nous permettent </span><span class="xr_tl Normal_text textedescriptif">d&rsquo;am&eacute;liorer sans cesse nos prestations</span></p>', '{"tmp_image_ids":""}', '', 0, 0, 0, 1, 1387335988, '', 0, 1),
(8, 'vi', 3, 0, '', 'khuyen-mai-maroc', 'Khuyn mi Maroc', 'Khuyn mi Maroc', 'Khuyn mi Maroc', 'Khuyn mi Maroc', '<p><span>Le froid arrive &agrave; grand pas.... <strong>Vous</strong> avez envie d''un beau voyage au soleil... Maroc: Erg Zahar &agrave; partir de 800 &euro;. 5 jours &agrave; Marrakech en maison d''h&ocirc;te au c&oelig;ur de la m&eacute;dina en demi pension au d&eacute;part de Bruxelles... D&eacute;parts assur&eacute;s, places restantes...Vous avez envie d''un beau voyage au soleil... <strong>MarocVous</strong> avez envie d''un beau voyage au soleil... Maroc</span></p>', '<p>Le froid arrive &agrave; grand pas.... Vous avez envie d''un beau voyage au soleil... Maroc: Erg Zahar &agrave; partir de 800 &euro;. 5 jours &agrave; Marrakech en maison d''h&ocirc;te au c&oelig;ur de la m&eacute;dina en demi pension au d&eacute;part de Bruxelles... D&eacute;parts assur&eacute;s, places restantes...Vous avez envie d''un beau voyage au soleil... MarocVous avez envie d''un beau voyage au soleil... Maroc</p>\r\n<p>Le froid arrive &agrave; grand pas.... Vous avez envie d''un beau voyage au soleil... Maroc: Erg Zahar &agrave; partir de 800 &euro;. 5 jours &agrave; Marrakech en maison d''h&ocirc;te au c&oelig;ur de la m&eacute;dina en demi pension au d&eacute;part de Bruxelles... D&eacute;parts assur&eacute;s, places restantes...Vous avez envie d''un beau voyage au soleil... MarocVous avez envie d''un beau voyage au soleil... Maroc</p>\r\n<p>Le froid arrive &agrave; grand pas.... Vous avez envie d''un beau voyage au soleil... Maroc: Erg Zahar &agrave; partir de 800 &euro;. 5 jours &agrave; Marrakech en maison d''h&ocirc;te au c&oelig;ur de la m&eacute;dina en demi pension au d&eacute;part de Bruxelles... D&eacute;parts assur&eacute;s, places restantes...Vous avez envie d''un beau voyage au soleil... MarocVous avez envie d''un beau voyage au soleil... Maroc</p>', '{"tmp_image_ids":""}', '', 0, 1, 0, 1, 1387336972, '', 27, 1),
(9, 'vi', 10, 34, '', 'khai-niem-du-lich-cong-bang', 'Khi nim du lch cng bng', 'Khi nim du lch cng bng', 'Khi nim du lch cng bng', 'Khi nim du lch cng bng', '<p>Gii thiu v du lch c&ocirc;ng bng</p>', '<p>Ti 6-1, ti Nh&agrave; h&aacute;t th&agrave;nh ph, UBND th&agrave;nh ph Hi Ph&ograve;ng, B Vn h&oacute;a- Th thao v&agrave; Du lch phi hp t chc L c&ocirc;ng b Nm Du lch quc gia ng bng s&ocirc;ng Hng- Hi Ph&ograve;ng 2013 vi ch  &ldquo;Vn minh s&ocirc;ng Hng&rdquo;.</p>\r\n<p><strong>-</strong>&nbsp;<strong><a href="#">Un tourisme &eacute;quitable et solidaire en toute transparence</a></strong></p>\r\n<p><strong>-&nbsp;<a href="#">La Charte du tourisme &eacute;quitable</a></strong></p>\r\n<p><strong>-&nbsp;<a href="#">Rapports d&rsquo;activit&eacute;s de Croq&rsquo;Nature et Amiti&eacute; Franco Touareg</a></strong></p>\r\n<p><strong>-&nbsp;<a href="#">R&eacute;partition du prix du voyage et financement du d&eacute;veloppement 2012-2013</a></strong></p>', '{"tmp_image_ids":""}', '', 0, 0, 0, 1, 1387528467, '', 8, 1),
(10, 'vi', 11, 0, '', 'du-an-phat-trien-dia-phuong', 'D n pht trin a phng', 'D n pht trin a phng', 'D n pht trin a phng', 'D n pht trin a phng', '<p>D &aacute;n ph&aacute;t trin a phng</p>', '<div>Du lch l&agrave; mt ng&agrave;nh kinh t tng hp mang t&iacute;nh li&ecirc;n ng&agrave;nh, li&ecirc;n v&ugrave;ng v&agrave; c&oacute; t&iacute;nh x&atilde; hi h&oacute;a rt cao. Vic li&ecirc;n kt c&aacute;c a phng trong v&ugrave;ng nhm ph&aacute;t huy nhng th mnh ri&ecirc;ng ca tng a phng  h&igrave;nh th&agrave;nh c&aacute;c sn phm du lch c trng ag c ng&agrave;nh Du lch quan t&acirc;m.</div>\r\n<p>Tuy du lch min Trung trong thi gian qua &atilde; c&oacute; nhng bc ph&aacute;t trin kh&aacute; tt, song vn cha tng xng vi tim nng vn c&oacute; ca m&igrave;nh. Hot ng kinh doanh du lch  &acirc;y c&ograve;n  dng nh l, thiu s li&ecirc;n kt gia c&aacute;c a phng mt c&aacute;ch ng b  c&ugrave;ng nhau hng li.</p>\r\n<p>Trong ph&aacute;t trin du lch n&oacute;i chung v&agrave; khai th&aacute;c tim nng du lch bin o n&oacute;i ri&ecirc;ng ti c&aacute;c tnh duy&ecirc;n hi min Trung c&oacute; nhng li th sau:</p>\r\n<p>C&aacute;c tnh duy&ecirc;n hi min Trung l&agrave; mnh t gi&agrave;u tim nng du lch vn h&oacute;a, lch s, sinh th&aacute;i, ngh dng..., ni hi t 5 di sn th gii (DSTG): th&aacute;p c M Sn, ph c Hi An, qun th di t&iacute;ch c &ocirc; Hu, nh&atilde; nhc cung &igrave;nh Hu v&agrave; Phong Nha - K B&agrave;ng. &acirc;y l&agrave; mt tim nng du lch to ln v&agrave; qu&yacute; gi&aacute;  ph&aacute;t trin du lch.</p>\r\n<p>Sau &acirc;y l&agrave; c&aacute;c hot ng c th ca ch&uacute;ng t&ocirc;i ti c&aacute;c a phng m&agrave; AventhuhaVietNam i qua.</p>\r\n<p>- Min Bc (<strong><a href="#">H&agrave; Ni</a></strong>, <strong><a href="#">Qung Ninh</a></strong>, <strong><a href="#">Nam nh</a></strong>)</p>\r\n<p>- Min Trung (<strong><a href="#">N</a><a href="#">gh An</a></strong>,&nbsp;<strong><a href="#">Qung B&igrave;nh</a></strong>)</p>\r\n<p>- Min Nam (<strong><a href="#">TP H Ch&iacute; Minh</a></strong>,&nbsp;<strong><a href="#">Cn Th</a></strong>,&nbsp;<strong><a href="#">B&igrave;nh Dng</a></strong>)</p>', '{"tmp_image_ids":""}', '', 0, 0, 0, 1, 1387529593, '', 6, 1),
(11, 'vi', 9, 0, '', 'cau-chuyen-cua-chung-toi', 'Cu chuyn ca chng ti', 'Cu chuyn ca chng ti', 'Cu chuyn ca chng ti', 'Cu chuyn ca chng ti', '<p><span>C&acirc;u chuyn ca ch&uacute;ng t&ocirc;i</span></p>', '<p><span>C&acirc;u chuyn ca ch&uacute;ng t&ocirc;i</span></p>', '{"tmp_image_ids":""}', '', 0, 0, 0, 1, 1387798527, '', 2, 1),
(12, 'vi', 9, 0, '', 'doi-ngu-cua-chung-toi', ' i ng ca chng ti', ' i ng ca chng ti', 'i ng ca chng ti', ' i ng ca chng ti', '<p><span>&nbsp;i ng ca ch&uacute;ng t&ocirc;i</span></p>', '<p><span>&nbsp;i ng ca ch&uacute;ng t&ocirc;i</span></p>', '{"tmp_image_ids":""}', '', 0, 0, 0, 1, 1387799337, '', 1, 1),
(13, 'vi', 9, 0, '', 'dieu-khoan-chung-ve-mua-ban-san-pham-du-lich', 'iu khon chung v mua bn sn phm du lch', 'iu khon chung v mua bn sn phm du lch', 'iu khon chung v mua bn sn phm du lch', 'iu khon chung v mua bn sn phm du lch', '<p><span>iu khon chung v mua b&aacute;n sn phm du lch</span></p>', '<p>&nbsp;<span>iu khon chung v mua b&aacute;n sn phm du lch</span></p>', '{"tmp_image_ids":""}', '', 0, 0, 0, 1, 1387799376, '', 1, 1),
(14, 'vi', 9, 0, '', 'tu-lieu-ve-chung-toi', 'T liu v chng ti', 'T liu v chng ti', 'T liu v chng ti', 'T liu v chng ti', '<p><span>T liu v ch&uacute;ng t&ocirc;i</span></p>', '<p><span>T liu v ch&uacute;ng t&ocirc;i</span></p>', '{"tmp_image_ids":""}', '', 0, 0, 0, 1, 1387799416, '', 3, 1);

-- --------------------------------------------------------

--
-- Table structure for table `tbl_news_image`
--

CREATE TABLE IF NOT EXISTS `tbl_news_image` (
  `id` int(11) NOT NULL AUTO_INCREMENT,
  `news_id` int(11) NOT NULL,
  `image_id` int(11) NOT NULL,
  `type` tinyint(4) NOT NULL,
  PRIMARY KEY (`id`)
) ENGINE=InnoDB DEFAULT CHARSET=utf8 AUTO_INCREMENT=1 ;

-- --------------------------------------------------------

--
-- Table structure for table `tbl_order`
--

CREATE TABLE IF NOT EXISTS `tbl_order` (
  `id` int(11) NOT NULL AUTO_INCREMENT,
  `status` tinyint(2) NOT NULL,
  `email` varchar(30) NOT NULL,
  `name` varchar(256) NOT NULL,
  `phone` varchar(30) NOT NULL,
  `tel` varchar(30) NOT NULL,
  `address` varchar(256) NOT NULL,
  `province_id` int(11) NOT NULL,
  `district_id` int(11) NOT NULL,
  `other` text NOT NULL,
  `created_time` int(11) NOT NULL,
  `created_by` int(11) unsigned NOT NULL,
  PRIMARY KEY (`id`)
) ENGINE=InnoDB DEFAULT CHARSET=utf8 AUTO_INCREMENT=1 ;

-- --------------------------------------------------------

--
-- Table structure for table `tbl_order_product`
--

CREATE TABLE IF NOT EXISTS `tbl_order_product` (
  `id` int(11) NOT NULL AUTO_INCREMENT,
  `order_id` int(11) NOT NULL,
  `product_id` int(11) NOT NULL,
  `quantity` int(11) NOT NULL,
  `other` text NOT NULL,
  PRIMARY KEY (`id`)
) ENGINE=InnoDB DEFAULT CHARSET=utf8 AUTO_INCREMENT=1 ;

-- --------------------------------------------------------

--
-- Table structure for table `tbl_partner`
--

CREATE TABLE IF NOT EXISTS `tbl_partner` (
  `id` int(11) NOT NULL AUTO_INCREMENT,
  `language` char(8) NOT NULL,
  `status` tinyint(1) NOT NULL,
  `title` varchar(256) NOT NULL,
  `alias` varchar(256) NOT NULL,
  `cat_id` int(11) NOT NULL,
  `introimage_id` int(11) NOT NULL,
  `order_view` int(11) NOT NULL,
  `new` tinyint(1) NOT NULL,
  `home` tinyint(1) NOT NULL,
  `other` text NOT NULL,
  `visits` int(11) NOT NULL,
  `created_by` int(11) NOT NULL,
  `created_time` int(11) NOT NULL,
  PRIMARY KEY (`id`)
) ENGINE=InnoDB  DEFAULT CHARSET=utf8 AUTO_INCREMENT=5 ;

--
-- Dumping data for table `tbl_partner`
--

INSERT INTO `tbl_partner` (`id`, `language`, `status`, `title`, `alias`, `cat_id`, `introimage_id`, `order_view`, `new`, `home`, `other`, `visits`, `created_by`, `created_time`) VALUES
(1, 'vi', 1, 'IHB Vit Nam', '', 18, 35, 0, 0, 0, '{"meta_title":"IHB Vi\\u1ec7t Nam","meta_keyword":"IHB Vi\\u1ec7t Nam","meta_description":"IHB Vi\\u1ec7t Nam","content":"<p>IHB Vi\\u1ec7t Nam ho\\u1ea1t \\u0111\\u1ed9ng trong l\\u0129nh v\\u1ef1c c&ocirc;ng ngh\\u1ec7 th&ocirc;ng tin<\\/p>"}', 0, 1, 1387531698),
(2, 'vi', 1, 'IHB Vit Nam_copy', '', 18, 35, 0, 0, 0, '{"content":"<p>IHB Vi\\u1ec7t Nam ho\\u1ea1t \\u0111\\u1ed9ng trong l\\u0129nh v\\u1ef1c c&ocirc;ng ngh\\u1ec7 th&ocirc;ng tin<\\/p>","meta_keyword":"IHB Vi\\u1ec7t Nam","meta_description":"IHB Vi\\u1ec7t Nam","meta_title":"IHB Vi\\u1ec7t Nam"}', 0, 1, 1387532208),
(3, 'vi', 1, 'IHB Vit Nam_copy_copy', '', 18, 35, 0, 0, 0, '{"content":"<p>IHB Vi\\u1ec7t Nam ho\\u1ea1t \\u0111\\u1ed9ng trong l\\u0129nh v\\u1ef1c c&ocirc;ng ngh\\u1ec7 th&ocirc;ng tin<\\/p>","meta_keyword":"IHB Vi\\u1ec7t Nam","meta_description":"IHB Vi\\u1ec7t Nam","meta_title":"IHB Vi\\u1ec7t Nam"}', 0, 1, 1387532220),
(4, 'vi', 1, 'IHB Vit Nam_copy', 'ihb-viet-namcopy', 18, 35, 0, 0, 0, '{"content":"<p>IHB Vi\\u1ec7t Nam ho\\u1ea1t \\u0111\\u1ed9ng trong l\\u0129nh v\\u1ef1c c&ocirc;ng ngh\\u1ec7 th&ocirc;ng tin<\\/p>","meta_keyword":"IHB Vi\\u1ec7t Nam","meta_description":"IHB Vi\\u1ec7t Nam","meta_title":"IHB Vi\\u1ec7t Nam"}', 3, 1, 1387532220);

-- --------------------------------------------------------

--
-- Table structure for table `tbl_product`
--

CREATE TABLE IF NOT EXISTS `tbl_product` (
  `id` int(11) NOT NULL AUTO_INCREMENT,
  `language` char(8) NOT NULL DEFAULT 'vi',
  `status` tinyint(1) NOT NULL DEFAULT '1',
  `name` varchar(256) NOT NULL,
  `list_city` varchar(256) NOT NULL,
  `alias` varchar(256) NOT NULL,
  `cat_id` int(11) NOT NULL,
  `introimage_id` int(11) NOT NULL,
  `home` tinyint(1) NOT NULL,
  `new` tinyint(1) NOT NULL,
  `price` int(11) NOT NULL,
  `order_view` int(11) NOT NULL,
  `visits` int(11) NOT NULL,
  `other` text NOT NULL,
  `created_by` int(11) NOT NULL,
  `created_time` int(11) NOT NULL,
  PRIMARY KEY (`id`),
  KEY `language` (`language`)
) ENGINE=InnoDB  DEFAULT CHARSET=utf8 AUTO_INCREMENT=6 ;

--
-- Dumping data for table `tbl_product`
--

INSERT INTO `tbl_product` (`id`, `language`, `status`, `name`, `list_city`, `alias`, `cat_id`, `introimage_id`, `home`, `new`, `price`, `order_view`, `visits`, `other`, `created_by`, `created_time`) VALUES
(3, 'vi', 1, 'Quc T Gim - H Gm - H Ty', 'H Ni;Tam Coc ou la baie dHalong terrestre', 'quoc-tu-giam-ho-guom-ho-tay', 1, 17, 0, 1, 0, 0, 2, '{"old_price":"","tmp_image_ids":"18,19,20","meta_title":"Qu\\u1ed1c T\\u1eed Gi\\u00e1m - H\\u1ed3 G\\u01b0\\u01a1m - H\\u1ed3 T\\u00e2y","meta_keyword":"Qu\\u1ed1c T\\u1eed Gi\\u00e1m - H\\u1ed3 G\\u01b0\\u01a1m - H\\u1ed3 T\\u00e2y","meta_description":"Qu\\u1ed1c T\\u1eed Gi\\u00e1m - H\\u1ed3 G\\u01b0\\u01a1m - H\\u1ed3 T\\u00e2y","introduction":"<p><span><strong>Qu\\u1ea7n th\\u1ec3 di t&iacute;ch<\\/strong> V\\u0103n Mi\\u1ebfu &ndash; Qu\\u1ed1c T\\u1eed Gi&aacute;m g\\u1ed3m: H\\u1ed3 V\\u0103n, v\\u01b0\\u1eddn hoa Gi&aacute;m v&agrave; khu n\\u1ed9i t\\u1ef1. Ti\\u1ebfn s\\u0129 \\u0110\\u1eb7ng Kim Ng\\u1ecdc, Gi&aacute;m \\u0111\\u1ed1c Trung t&acirc;m ho\\u1ea1t \\u0111\\u1ed9ng v\\u0103n ho&aacute; khoa h\\u1ecdc V\\u0103n Mi\\u1ebfu &ndash; Qu\\u1ed1c T\\u1eed Gi&aacute;m cho bi\\u1ebft: Gi&aacute; tr\\u1ecb l\\u1ecbch s\\u1eed v&agrave; v\\u0103n h&oacute;a c\\u1ee7a V\\u0103n Mi\\u1ebfu \\u0111&atilde; \\u0111\\u01b0\\u1ee3c kh\\u1eb3ng \\u0111\\u1ecbnh trong su\\u1ed1t h&agrave;ng ngh&igrave;n n\\u0103m nay. \\u0110&acirc;y l&agrave; \\u0111i\\u1ec3m h\\u1ed9i t\\u1ee5 \\u0111\\u01b0\\u1ee3c t\\u01b0\\u01a1ng \\u0111\\u1ed1i \\u0111\\u1ea7y \\u0111\\u1ee7 v&agrave; to&agrave;n di\\u1ec7n nh\\u1eefng y\\u1ebfu t\\u1ed1 c\\u1ea3 thi&ecirc;n th\\u1eddi, \\u0111\\u1ecba l\\u1ee3i, nh&acirc;n ho&agrave; trong vi\\u1ec7c tri\\u1ec3n khai nh\\u1eefng ho\\u1ea1t \\u0111\\u1ed9ng v\\u1eeba b\\u1ea3o t\\u1ed3n di t&iacute;ch, v\\u1eeba ph&aacute;t huy t&aacute;c d\\u1ee5ng c\\u1ee7a di t&iacute;ch.<\\/span><\\/p>\\r\\n<p><span>V\\u0103n Mi\\u1ebfu &ndash; Qu\\u1ed1c T\\u1eed Gi&aacute;m c&ograve;n l&agrave; n\\u01a1i l\\u01b0u danh c&aacute;c b\\u1eadc hi\\u1ec1n t&agrave;i qua c&aacute;c khoa thi, th\\u1ec3 hi\\u1ec7n \\u1edf 82 t\\u1ea5m bia ti\\u1ebfn s\\u0129. C\\u1ee9 sau m\\u1ed7i khoa thi t\\u1eeb n\\u0103m 1442 \\u0111\\u1ebfn 1779, ng\\u01b0\\u1eddi x\\u01b0a l\\u1ea1i d\\u1ef1ng l&ecirc;n c&aacute;c t\\u1ea5m bia \\u0111&aacute; tr&ecirc;n l\\u01b0ng r&ugrave;a, kh\\u1eafc t&ecirc;n nh\\u1eefng ng\\u01b0\\u1eddi \\u0111\\u1ed7 \\u0111\\u1ea1t.<\\/span><\\/p>\\r\\n<p><span>82 t\\u1ea5m bia c&ograve;n l\\u01b0u gi\\u1eef \\u1edf V\\u0103n Mi\\u1ebfu Qu\\u1ed1c T\\u1eed Gi&aacute;m bi\\u1ec3u hi\\u1ec7n cho truy\\u1ec1n th\\u1ed1ng hi\\u1ebfu h\\u1ecdc c\\u1ee7a d&acirc;n t\\u1ed9c ta \\u0111\\u1ed3ng th\\u1eddi c\\u0169ng l&agrave; l\\u1eddi \\u0111\\u1ed9ng vi&ecirc;n v&agrave; th&uacute;c gi\\u1ee5c nh\\u1eefng th\\u1ebf h\\u1ec7 ti\\u1ebfp n\\u1ed1i h&ocirc;m nay v&agrave; sau n&agrave;y lu&ocirc;n lu&ocirc;n ph\\u1ea3i gi\\u1eef g&igrave;n v&agrave; b\\u1ea3o l\\u01b0u truy\\u1ec1n th\\u1ed1ng hi\\u1ebfu h\\u1ecdc c\\u1ee7a d&acirc;n t\\u1ed9c.<\\/span><\\/p>","description":"<div class=\\"xr_ap\\">\\r\\n<p><span><strong>Du l\\u1ecbch H&agrave; N\\u1ed9i-<\\/strong>&nbsp;tham quan V\\u0103n Mi\\u1ebfu Qu\\u1ed1c T\\u1eed Gi&aacute;m. Qu\\u1ea7n th\\u1ec3 di t&iacute;ch v&agrave; c&aacute;c gi&aacute; tr\\u1ecb t\\u1ea1i V\\u0103n Mi\\u1ebfu c\\u0169ng l&agrave; y\\u1ebfu t\\u1ed1 quan tr\\u1ecdng t\\u1ea1o n&ecirc;n m\\u1ed9t s\\u1ea3n ph\\u1ea9m du l\\u1ecbch \\u0111\\u1ed9c \\u0111&aacute;o, g&oacute;p ph\\u1ea7n qu\\u1ea3ng b&aacute; h&igrave;nh \\u1ea3nh, v\\u0103n h&oacute;a qu\\u1ed1c gia t\\u1edbi b\\u1ea1n b&egrave; qu\\u1ed1c t\\u1ebf.<\\/span><\\/p>\\r\\n<p><span>V\\u0103n Mi\\u1ebfu &ndash; Qu\\u1ed1c T\\u1eed Gi&aacute;m l&agrave; qu\\u1ea7n th\\u1ec3 di t&iacute;ch ch\\u1ee9a \\u0111\\u1ef1ng nhi\\u1ec1u gi&aacute; tr\\u1ecb nh&acirc;n v\\u0103n qu&yacute; gi&aacute; c\\u1ee7a H&agrave; N\\u1ed9i n&oacute;i ri&ecirc;ng v&agrave; c\\u1ea3 n\\u01b0\\u1edbc n&oacute;i chung. Trong nh\\u1eefng n\\u0103m g\\u1ea7n \\u0111&acirc;y, c&ugrave;ng v\\u1edbi l\\u01b0\\u1ee3ng kh&aacute;ch ng&agrave;y c&agrave;ng t\\u0103ng, vi\\u1ec7c ph&aacute;t huy c&aacute;c gi&aacute; tr\\u1ecb c\\u1ee7a di t&iacute;ch c\\u0169ng \\u0111\\u1ea1t \\u0111\\u01b0\\u1ee3c nhi\\u1ec1u hi\\u1ec7u qu\\u1ea3, \\u0111\\u1eb7c bi\\u1ec7t l&agrave; s\\u1ef1 nh&igrave;n nh\\u1eadn v&agrave; t&ocirc;n vinh c\\u1ee7a th\\u1ebf gi\\u1edbi v\\u1ec1 nh\\u1eefng gi&aacute; tr\\u1ecb nh&acirc;n v\\u0103n c\\u1ee7a V\\u0103n Mi\\u1ebfu-Qu\\u1ed1c T\\u1eed Gi&aacute;m.<\\/span><\\/p>\\r\\n<p><span>\\u0110&acirc;y l&agrave; m\\u1ed9t bi\\u1ec3u t\\u01b0\\u1ee3ng cho qu&aacute; tr&igrave;nh ph&aacute;t tri\\u1ec3n l\\u1ecbch s\\u1eed, v\\u0103n h&oacute;a, gi&aacute;o d\\u1ee5c c\\u1ee7a d&acirc;n t\\u1ed9c qua h&agrave;ng th\\u1ebf k\\u1ef7 v&agrave; l&agrave; m\\u1ed9t \\u0111i\\u1ec3m \\u0111\\u1ebfn n\\u1ed5i ti\\u1ebfng, kh&ocirc;ng th\\u1ec3 thi\\u1ebfu trong ch\\u01b0\\u01a1ng tr&igrave;nh kh&aacute;m ph&aacute; v&agrave; t&igrave;m hi\\u1ec3u Th\\u0103ng Long &ndash; H&agrave; N\\u1ed9i.<\\/span><\\/p>\\r\\n<p><span>V\\u0103n Mi\\u1ebfu \\u0111\\u01b0\\u1ee3c x&acirc;y d\\u1ef1ng v&agrave;o n\\u0103m 1070 d\\u01b0\\u1edbi th\\u1eddi vua L&yacute; Th&aacute;nh T&ocirc;ng. \\u0110\\u1ebfn n\\u0103m 1076, vua L&yacute; Nh&acirc;n T&ocirc;ng cho l\\u1eadp tr\\u01b0\\u1eddng Qu\\u1ed1c T\\u1eed Gi&aacute;m &ndash; tr\\u01b0\\u1eddng \\u0111\\u1ea1i h\\u1ecdc \\u0111\\u1ea7u ti&ecirc;n \\u1edf Vi\\u1ec7t Nam. Trong h\\u01a1n 700 n\\u0103m ho\\u1ea1t \\u0111\\u1ed9ng, Qu\\u1ed1c T\\u1eed Gi&aacute;m l&agrave; n\\u01a1i \\u0111&atilde; t\\u1ed5 ch\\u1ee9c nh\\u1eefng khoa thi quan tr\\u1ecdng mang t\\u1ea7m qu\\u1ed1c gia v&agrave; \\u0111&agrave;o t\\u1ea1o nh\\u1eefng ng\\u01b0\\u1eddi hi\\u1ec1n t&agrave;i cho \\u0111\\u1ea5t n\\u01b0\\u1edbc.<\\/span><\\/p>\\r\\n<\\/div>","extra":"<div class=\\"spFieldsData price-wrap\\"><strong>Gi&aacute; tour:&nbsp;<\\/strong><span class=\\"field_price\\" style=\\"color: #800000;\\">8,399,000 VND<\\/span><\\/div>\\r\\n<div class=\\"spFieldsData field_thoigian\\"><strong>Th\\u1eddi gian:&nbsp;<\\/strong>Tour 6 Ng&agrave;y 5 \\u0110&ecirc;m<\\/div>\\r\\n<div class=\\"spFieldsData field_ngaykhoihanh\\"><strong>Ng&agrave;y kh\\u1edfi h&agrave;nh:&nbsp;<\\/strong>7,14,21\\/12<\\/div>\\r\\n<div class=\\"spFieldsData field_diemkhoihanh\\"><strong>\\u0110i\\u1ec3m kh\\u1edfi h&agrave;nh:&nbsp;<\\/strong>Tp. H\\u1ed3 Ch&iacute; Minh<\\/div>\\r\\n<div class=\\"spFieldsData field_lichtrinh\\"><strong>L\\u1ecbch tr&igrave;nh:&nbsp;<\\/strong>Du l\\u1ecbch Mi\\u1ec1n B\\u1eafc - Tham quan H&agrave; N\\u1ed9i - Du l\\u1ecbch L&agrave;o Cai - Kh&aacute;m ph&aacute; Ninh B&igrave;nh<\\/div>"}', 1, 1386839452),
(4, 'vi', 1, 'Hanoi-Sapa- Ha Giang- Lac de Ba Be-Ha Long-Nam Sach-Hanoi  Dpart', 'H Ni', 'hanoi-sapa--ha-giang--lac-de-ba-be-ha-long-nam-sach-hanoi--depart', 5, 37, 0, 1, 0, 0, 0, '{"old_price":"","tmp_image_ids":"","meta_title":"Hanoi-Sapa- Ha Giang- Lac de Ba Be-Ha Long-Nam Sach-Hanoi \\u2013 D\\u00e9part","meta_keyword":"Hanoi-Sapa- Ha Giang- Lac de Ba Be-Ha Long-Nam Sach-Hanoi \\u2013 D\\u00e9part","meta_description":"Hanoi-Sapa- Ha Giang- Lac de Ba Be-Ha Long-Nam Sach-Hanoi \\u2013 D\\u00e9part","introduction":"<p>Arriv&eacute;e&nbsp; Noi Bai a&eacute;roport&nbsp; de&nbsp; Hanoi.&nbsp; Formalit&eacute;s d&rsquo;entr&eacute;e au Vietnam, r&eacute;cup&eacute;ration des bagages puis accueil &agrave; la sortie&nbsp; par&nbsp; votre&nbsp; guide&nbsp; francophone. Transfert&nbsp; &agrave; votre h&ocirc;tel au centre-ville.<\\/p>\\r\\n<p>Si vous arrivez le matin : En attendant la mise &agrave; disposition&nbsp; de votre chambre,&nbsp; nous vous proposerons une petite collation puis une&nbsp; s&eacute;ance&nbsp; de&nbsp; massage&nbsp; aux&nbsp; herbes&nbsp; m&eacute;dicinales.&nbsp; Le&nbsp; massage&nbsp; vous&nbsp; permettra&nbsp; de vous relaxer, d&rsquo;effacer en partie les fatigues apr&egrave;s un long vol de plusieurs heures et de commencer votre s&eacute;jour en pleine forme.<\\/p>","description":"<p><strong>Jour 1<\\/strong>. Arriv&eacute;e a&eacute;roport Noi Bai-Hanoi<\\/p>\\r\\n<p>Arriv&eacute;e&nbsp; Noi Bai a&eacute;roport&nbsp; de&nbsp; Hanoi.&nbsp; Formalit&eacute;s d&rsquo;entr&eacute;e au Vietnam, r&eacute;cup&eacute;ration des bagages puis accueil &agrave; la sortie&nbsp; par&nbsp; votre&nbsp; guide&nbsp; francophone. Transfert&nbsp; &agrave; votre h&ocirc;tel au centre-ville.<\\/p>\\r\\n<p>Si vous arrivez le matin : En attendant la mise &agrave; disposition&nbsp; de votre chambre,&nbsp; nous vous proposerons une petite collation puis une&nbsp; s&eacute;ance&nbsp; de&nbsp; massage&nbsp; aux&nbsp; herbes&nbsp; m&eacute;dicinales.&nbsp; Le&nbsp; massage&nbsp; vous&nbsp; permettra&nbsp; de vous relaxer, d&rsquo;effacer en partie les fatigues apr&egrave;s un long vol de plusieurs heures et de commencer votre s&eacute;jour en pleine forme.<\\/p>\\r\\n<p>Apr&egrave;s le d&eacute;jeuner&nbsp;&agrave; l&rsquo;h&ocirc;tel : temps libre jusqu&rsquo;&agrave; 15h. Puis nous vous proposerons une petite balade au lac Hoan Kiem.&nbsp; Visite&nbsp; du&nbsp; Temple de la Montagne de Jade,&nbsp; situ&eacute;&nbsp; sur&nbsp; les rives du lac.<\\/p>\\r\\n<p>D&icirc;ner et nuit &agrave; l&rsquo;h&ocirc;tel.<\\/p>\\r\\n<p><strong>Jour 2. Visite de Hanoi<\\/strong><\\/p>\\r\\n<p>R&eacute;veil matinal &agrave; 6h pour vous permettre d&rsquo;assister et de faire si vous le d&eacute;sirez du Tai-chi avec la population de la capitale. Petit d&eacute;jeuner local dans la rue.<\\/p>\\r\\n<p>A 8h15&nbsp;: le mini bus vous emm&egrave;nera pour la visite de&nbsp;: l&rsquo;ancien Palais du gouverneur de l&rsquo;Indochine (Palais Pr&eacute;sidentiel actuel),la&nbsp; Pagode au Pilier unique, la&nbsp; maison sur pilotis d&rsquo;Ho Chi Minh, le fondateur du Vietnam moderne, son Mausol&eacute;e, la&nbsp; Pagode de la D&eacute;fense de la Patrie au bord du grand lac de l&rsquo;Ouest.<\\/p>\\r\\n<p>D&eacute;jeuner propos&eacute; par le guide.<\\/p>\\r\\n<p>L&rsquo;apr&egrave;s-midi&nbsp;visite du Temple&nbsp; de&nbsp; la&nbsp; Litt&eacute;rature,&nbsp; premi&egrave;re&nbsp; universit&eacute; nationale&nbsp; &agrave;&nbsp; l&rsquo;architecture&nbsp; originale&nbsp; construite&nbsp; au&nbsp; XI&egrave;me si&egrave;cle et d&eacute;di&eacute; d&eacute;sormais au culte de Confucius et des Lettr&eacute;s. Ce Temple est devenu aujourd&rsquo;hui le symbole de Hanoi et de la Culture vietnamienne.<\\/p>\\r\\n<p>En fin d&rsquo;apr&egrave;s-midi, nous vous proposerons un tour en cyclo-pousse qui vous permettra de d&eacute;couvrir l&rsquo;activit&eacute; grouillante des vieux quartiers et la vie quotidienne des habitants de la capitale du Vietnam.<\\/p>\\r\\n<p>&nbsp;La&nbsp; soir&eacute;e sera consacr&eacute;e &agrave; un spectacle de Marionnettes sur l&rsquo;eau, art folklorique et traditionnel de la population du Delta du Fleuve Rouge.<\\/p>\\r\\n<p>D&icirc;ner et nuit &agrave; l&rsquo;h&ocirc;tel.<\\/p>\\r\\n<p><strong>Jour 3. Hanoi-Lao Cai<\\/strong><\\/p>\\r\\n<p>Apr&egrave;s le petit-d&eacute;jeuner &agrave; l&rsquo;h&ocirc;tel, visite du mus&eacute;e d&rsquo;Ethnographie qui vous pr&eacute;sente les costumes, les us et coutumes des 54 ethnies qui peuplent le Vietnam.<\\/p>\\r\\n<p>Dans l&rsquo;apr&egrave;s-midi, visite du village de la soie. Les soieries de la r&eacute;gion de Ha Dong sont tellement belles qu&rsquo;elles ont inspir&eacute; nombre de po&egrave;tes. Un seul village est &agrave; l&rsquo;origine de cette renomm&eacute;e : Van Phuc. Van Phuc doit sa prosp&eacute;rit&eacute; &agrave;&nbsp;: la s&eacute;riciculture, le tissage de la soie et la riziculture. Autrefois, les villageois de Van Phuc (mi-artisans, mi-paysans) passaient une grande partie de leur existence &agrave; produire, tisser la soie, et aux durs travaux champ&ecirc;tres.<\\/p>\\r\\n<p>Apr&egrave;s le d&icirc;ner, transfert &agrave; la gare de Hanoi pour une nuit&eacute;e en train couchettes &agrave; destination de Lao Cai (fronti&egrave;re chinoise) puis Sapa.<\\/p>\\r\\n<p><strong>Jour 4. Lao Cai-Sapa<\\/strong><\\/p>\\r\\n<p>Arriv&eacute;e &agrave; Lao Cai de bonne heure. Transfert en navette &agrave; Sapa.&nbsp; Douche et petit d&eacute;jeuner &agrave; l&rsquo;h&ocirc;tel. Puis visite p&eacute;destre du vieux village de Cat Cat habit&eacute; par des Hmong noirs. Vous d&eacute;couvrirez leurs coutumes et pourrez &eacute;changer et faire des photos. En outre, cette r&eacute;gion montagneuse vous propose&nbsp;: des paysages magnifiques, une multitude d&rsquo;ethnies et une incroyable richesse de couleurs. Amateurs de photos &agrave; vos appareils&nbsp;!<\\/p>\\r\\n<p>Dans l&rsquo;apr&egrave;s-midi, la visite de Ham Rong vous permettra d&rsquo;avoir une splendide vue panoramique de Sapa.<\\/p>\\r\\n<p>D&icirc;ner et nuit &agrave; l&rsquo;h&ocirc;tel<\\/p>\\r\\n<p><strong>Jour 5. Sapa (&agrave; v&eacute;lo)<\\/strong><\\/p>\\r\\n<p>Q&nbsp;: Peut on faire du v&eacute;lo &agrave; Sa Pa&nbsp;? N&rsquo;est ce pas trop pentue&nbsp;? pour des jeunes et des gens qui aiment trekking en velo, on propose ce service, encore pour des personnes agees, on propose a marcher ou si c&rsquo;est trop loin, le bus les emmenera a l&rsquo;entree du village et apres ils marchent. Je vais bien remarquer cette option dans le programme detaille, comment tu le trouves&nbsp;?<\\/p>\\r\\n<p>Pr&eacute;voir un sac &agrave; dos avec vos affaires de toilette et votre sac de couchage en soie.<\\/p>\\r\\n<p>Randonn&eacute;e &agrave; v&eacute;lo dans les villages de Lao Chai et Ta Van habit&eacute;s par des Giay, des Hmong et des Dao Rouges. Les paysages travers&eacute;s sont d&rsquo;une rare beaut&eacute;. Vous traverserez des rizi&egrave;res en terrasse et assisterez &agrave; la vie quotidienne des villageois et des enfants.<\\/p>\\r\\n<p>D&eacute;jeuner au village de Su Pa.<\\/p>\\r\\n<p>Dans l&rsquo;apr&egrave;s-midi, &agrave; v&eacute;lo, visite de Ta Phin o&ugrave; les maisons sont entour&eacute;es par des rizi&egrave;res en terrasses et de superbes chaines de montagnes.<\\/p>\\r\\n<p>Retour, d&icirc;ner et nuit&eacute;e &agrave; Ta Van avec une famille Giay. Autour du feu vous pourrez &eacute;changer avec la famille.<\\/p>\\r\\n<p><strong>Jour 6. Sapa-Bac Ha<\\/strong><\\/p>\\r\\n<p>Apr&egrave;s le petit-d&eacute;jeuner prit t&ocirc;t, le bus vous emm&egrave;nera &agrave; Bac Ha. Cette ville et cette r&eacute;gion sont tr&egrave;s int&eacute;ressantes par la pr&eacute;sence de nombreuses ethnies minoritaires le <strong>dimanche<\\/strong> jour de march&eacute;. En effet les Hmong, Dao, Day, Laichi, LoLo, Nhang, Nung, Phulao, Thai, Chinois, Vietnamiens&hellip; se retrouvent pour commercer. En outre Bac Ha est &eacute;galement un grand centre de distillerie, o&ugrave; vous pourrez trouver de l&rsquo;alcool de riz, de manioc si vous appr&eacute;ciez les alcools forts.<\\/p>\\r\\n<p>L&rsquo;apr&egrave;s-midi, &agrave; v&eacute;lo ou en mototaxi, vous d&eacute;couvrirez des villages de l&rsquo;ethnie Hmong bariol&eacute;s. Visite de la demeure abandonn&eacute;e de Huang A Tuong, un ancien chef H&rsquo;mong.<\\/p>\\r\\n<p>D&icirc;ner et nuit&eacute;e chez M.Pa de l&rsquo;ethnie Tay.<\\/p>\\r\\n<p>Question = Q&nbsp;: Le march&eacute; a lieu le dimanche &agrave; Bac Ha et le samedi &agrave; Can Cau. Comptez-vous b&acirc;tir ce circuit &agrave; partir de cette information&nbsp;? Autrement&nbsp; je pense qu&rsquo;il n&rsquo;y a pas lieu d&rsquo;aller &agrave; Bac Ha. Le march&eacute; de Can Cau est plus joli car il se situe dans la montagne. Mais je n&rsquo;y suis all&eacute; qu&rsquo;une fois en 2011 avec Nico et Jen.<\\/p>\\r\\n<p>Je suis d&rsquo;accord avec toi de choisir le marche de Can Cau comme prioritaire, on va construire ce circuit par contre, on va bien remarquer dans le programme si le jour d&rsquo;arrivee tombe tel et tel jour, on va choisir le marche correspondant a ce jour la, on n&rsquo;a pas seulement Bac Ha Dimanche, Can Cau Samedi, on a encore le jeudi du marche de Lung Khau Nhin, le mercredi du marche de Cao Son, le mardi du marche Coc Ly. Tous les marches se situent pas loin de Sapa.<\\/p>\\r\\n<p><strong>Jour 7. Bac Ha-Xi Man-Hoang Su Phi<\\/strong><\\/p>\\r\\n<p>Route pour Hoang Su Phi en traversant Xi Man. La r&eacute;gion abrite la cha&icirc;ne de montagne de Tay Con Linh (plus de 2616 m d&rsquo;altitude). Vous admirerez pendant le trajet les superbes paysages de montagne. Les pentes, cultiv&eacute;es traditionnellement apr&egrave;s les br&ucirc;lis, sont peu &agrave; peu travaill&eacute;es en terrasses irrigu&eacute;es. Des arr&ecirc;ts sont pr&eacute;vus pour vous permettre de prendre de magnifiques photos, de visiter les communaut&eacute;s locales.<\\/p>\\r\\n<p>D&eacute;jeuner en cours de route et d&icirc;ner et nuit &agrave; Hoang Su Phi.<\\/p>\\r\\n<p><strong>Jour 8.&nbsp; Hoang Su Phi-Ha Giang-Dong Van <\\/strong><\\/p>\\r\\n<p>Apr&egrave;s le petit d&eacute;jeuner,&nbsp; le bus vous emm&egrave;nera&nbsp; &agrave; Dong Van par une route qui serpente au milieu des paysages de montagnes grandioses.&nbsp; Vous pourrez admirer la beaut&eacute; &eacute;poustouflante des paysages et aurez l&rsquo;occasion de faire de magnifiques photos. Arriv&eacute;e &agrave; Dong Van. Installation &agrave; l&rsquo;h&ocirc;tel et&nbsp; apr&egrave;s le d&eacute;jeuner, &agrave; mototaxi, vous visiterez l&rsquo;ancien Palais du roi des H&rsquo;mong.<\\/p>\\r\\n<p>D&icirc;ner et nuit&eacute;e &agrave; Dong Van.<\\/p>\\r\\n<p><strong>Jour 9. Dong Van-Meo Vac-Bao Lac<\\/strong><\\/p>\\r\\n<p>Dans cet environnement &eacute;tonnant&nbsp; les H&rsquo;mong blancs sont majoritaires. Vous aurez compris que les march&eacute;s sont des moments importants d&rsquo;&eacute;changes entre les nombreuses ethnies qui occupent ces territoires.<\\/p>\\r\\n<p>Apr&egrave;s le march&eacute;, nous rendrons visite &agrave; des familles dans le besoin et nous offrirons &agrave; leurs enfants des petits cadeaux (v&ecirc;tements chauds, des chaussures d&rsquo;hiver et confiseries).<\\/p>\\r\\n<p>Le d&eacute;jeuner sera pris dans un restaurant local.<\\/p>\\r\\n<p>L&rsquo;apr&egrave;s-midi, direction Meo Vac le &laquo;&nbsp;nid d&rsquo;aigle&nbsp;&raquo; des H&rsquo;mong. La route serpente dans un beau d&eacute;cor de montagnes karstiques vers Bao Lac. Randonn&eacute;e dans le village de Khon Khuoi o&ugrave; il y a une petite ethnie particuli&egrave;re du Nord du Tonkin. Cette ethnie m&egrave;ne une vie autarcique et suit les traditions et les coutumes ancestrales. Les Lolo noirs (vus lors de l&rsquo;&eacute;mission de Fr&eacute;d&eacute;ric Lopez &laquo;&nbsp;Voyages en Terre inconnue&nbsp;&raquo;) habitent uniquement dans le district de Bao Lac. Ils sont tr&egrave;s fid&egrave;les &agrave; leurs traditions et &agrave; la coh&eacute;sion sociale de leur village.<\\/p>\\r\\n<p>D&icirc;ner et nuit&eacute;e chez l&rsquo;habitant.<\\/p>\\r\\n<p>Q&nbsp;: Y a-t-il la possibilit&eacute; d&rsquo;avoir un spectacle de danses et de musiques traditionnelles&nbsp;? Ici ou ailleurs&nbsp;? oui, dans le programme, on organise une fois du spectacle de dans et de musique traditionnelle mais pour le debut, ce ne serait pas a Ha Giang, ce serait a Sapa et s&rsquo;il dans l&rsquo;autre programme dans le quel il y a Mai Chau, le spectacle serait a Mai Chau.<\\/p>\\r\\n<p><strong>Jour 10. Bao Lac-Ba Be<\\/strong><\\/p>\\r\\n<p>Apr&egrave;s le petit d&eacute;jeuner, d&eacute;part pour Ba Be. Arr&ecirc;ts en cours de route pour visiter des vestiges&nbsp; de l&rsquo;&eacute;poque coloniale. D&eacute;jeuner. Arriv&eacute;e &agrave; Ba Be en d&eacute;but d&rsquo;apr&egrave;s-midi. H&eacute;bergement et d&icirc;ner chez l&rsquo;ethnie Tay. Temps libre pour vous permettre de d&eacute;couvrir tranquillement le village.<\\/p>\\r\\n<p><strong>Jour 11. Ba Be<\\/strong><\\/p>\\r\\n<p>Apr&egrave;s le petit -d&eacute;jeuner, embarquement &agrave; bord du&nbsp; bateau pour visiter les trois petits lacs qui composent le lac de Ba Be (3h de navigation sur la rivi&egrave;re Nang). Entr&eacute;e dans la grotte de Puong, d&rsquo;une hauteur de 30m et d&rsquo;une longueur de 300m. Ensuite, le bateau vous emm&egrave;nera au petit village de Hua Tang o&ugrave; des maisons traditionnelles sont construites. Puis, nous vous proposerons une petite balade &agrave; travers la jungle pour aller &agrave; la cascade pittoresque de Dau Dang. D&eacute;jeuner chez les habitants avec de sp&eacute;cialit&eacute;s cuisin&eacute;es avec des produits provenant de la for&ecirc;t.<\\/p>\\r\\n<p>&nbsp;Apr&egrave;s midi, retour en bateau au village de Pac Ngoi. Visite du village de Pac Ngoi et de Polu o&ugrave; l&rsquo;ethnie Tay est majoritaire.<\\/p>\\r\\n<p>Diner et nuit chez l&rsquo;habitant.<\\/p>\\r\\n<p>Q&nbsp;: Ba Be est joli mais isol&eacute;. J&rsquo;y suis all&eacute; en 2005 et 2008. Y a-t-il des choses int&eacute;ressantes &agrave; voir ou des activit&eacute;s &agrave; faire (randonn&eacute;es, p&ecirc;che&hellip;)&nbsp;?<\\/p>\\r\\n<p>&nbsp;le guide m&rsquo;a dit qu&rsquo;on pourra demander le service de peche ici, on va le noter dans le programme et cette fois ci, Cuong et moi, on va voir sur place.<\\/p>\\r\\n<p><strong>Jour 12. Ba Be-Ha Long<\\/strong><\\/p>\\r\\n<p>Apres le petit-d&eacute;jeuner, d&eacute;part &agrave; 8h en bus en direction de la baie d&rsquo; Ha Long. Arriv&eacute;e &agrave; la baie d&rsquo;Ha Long en d&eacute;but d&rsquo;apr&egrave;s-midi. Installation &agrave; l&rsquo;h&ocirc;tel. Temps libre. D&icirc;ner et nuit &agrave; l&rsquo;h&ocirc;tel.<\\/p>\\r\\n<p><strong>Jour 13. Ha Long<\\/strong><\\/p>\\r\\n<p>Q&nbsp;: Pourrions-nous aborder la question du syst&egrave;me d&rsquo;&eacute;ducation au Vietnam afin que les personnes puissent le comparer au syst&egrave;me fran&ccedil;ais&nbsp;?<\\/p>\\r\\n<p>&nbsp;le guide va presenter cette question, on n&rsquo;a pas le droit d&rsquo;aborder la question sensible concernant la politique, encore la question du syst&egrave;me d&rsquo;education, il y a pas de soucis.<\\/p>\\r\\n<p>&nbsp;La matin&eacute;e sera consacr&eacute;e &agrave; la visite de la classe des enfants des p&ecirc;cheurs chez M et Mme Lien. Ce couple d&rsquo;enseignants en retraite aide b&eacute;n&eacute;volement &agrave; la scolarisation des enfants. Si vous le d&eacute;sirez, vous pourrez leur offrir des cadeaux&nbsp;: livres, cahiers, cartables, friandises&hellip;.. Puis, vous&nbsp; visiterez le march&eacute; des fruits de mer. <strong><\\/strong><\\/p>\\r\\n<p>Vers 12h&nbsp;: Formalit&eacute;s d&rsquo;embarquement &agrave; bord d&rsquo;une belle jonque en bois. 12h30, le bateau quitte l&rsquo;embarcad&egrave;re pour la Baie de Bai Tu Long. La croisi&egrave;re commence dans ce lieu magique class&eacute; par l&rsquo;Unesco au patrimoine mondial. Ha Long signifie&nbsp;: &laquo;&nbsp;L&agrave; o&ugrave; le Dragon descend dans la mer&nbsp;&raquo;.&nbsp; Deux mille pains de sucre de formes diff&eacute;rentes, de toutes tailles &eacute;mergent et s&rsquo;&eacute;tendent sur plus de 1&nbsp;500 km&sup2;&nbsp;: f&eacute;&eacute;rique, superbe. Fermez les yeux. L&acirc;cher prise&hellip; D&eacute;tente garantie. A consommer sans mod&eacute;ration. Essayez d&rsquo;imaginer les formes d&rsquo;animaux, de t&ecirc;tes&hellip; L&rsquo;&eacute;quipage vous proposera un d&eacute;licieux d&eacute;jeuner &agrave; base de fruits de mer. Pendant votre repas la croisi&egrave;re continue et vous permettra de contempler de magnifiques paysages de la baie&nbsp;: superbes tableaux. La jonque&nbsp; traversera de petits villages flottant&nbsp;: Vong Vieng&hellip; Promenade en petit embarcation autour du village ou &agrave; la d&eacute;couverte des grottes. Possibilit&eacute; d&rsquo;organiser une s&eacute;ance de p&ecirc;che&nbsp; au filet. Les poissons p&ecirc;ch&eacute;s seront servis &agrave; votre d&icirc;ner.<\\/p>\\r\\n<p>Profitez du coucher du soleil et passez une douce nuit dans votre cabine priv&eacute;e.<\\/p>\\r\\n<p><strong>Jour 14. Ha Long -Nam Sach<\\/strong><\\/p>\\r\\n<p>&nbsp;Un r&eacute;veil aux aurores vous permettra de profiter d&rsquo;une qui&eacute;tude que vous ne trouverez nulle part ailleurs. C&rsquo;est le meilleur moment pour r&eacute;viser votre le&ccedil;on de Tai chi ou pour faire de la m&eacute;ditation. Le petit-d&eacute;jeuner est servi &agrave; 8h. Pendant ce temps,&nbsp; la jonque naviguera pour rejoindre la grotte de Luon o&ugrave; furent tourn&eacute;es des sc&egrave;nes&nbsp; du film Indochine en 1992 avec Catherine De Neuve et&nbsp; la grotte de la Surprise. Vers 11h30, retour &agrave; l&rsquo;embarcad&egrave;re.<\\/p>\\r\\n<p>Apr&egrave;s le d&eacute;jeuner, le bus vous emm&egrave;nera&nbsp; &agrave; Nam Sach petite commune d&rsquo;environ 7&nbsp;000 habitants &agrave; 70 km au nord-est de Hanoi. Arriv&eacute;e pr&eacute;vue en fin de la journ&eacute;e. Installation.&nbsp; Temps libre. D&icirc;ner et nuit chez l&rsquo;habitant.<\\/p>\\r\\n<p><strong>Jour 15. Vie quotidienne &agrave; Nam Sach<\\/strong><\\/p>\\r\\n<p>Apr&egrave;s le petit-d&eacute;jeuner local avec la famille, pr&eacute;sentation de l&rsquo;autel des anc&ecirc;tres et panorama de Nam Sach. Tour du march&eacute; o&ugrave; vous ferez les courses pour votre d&eacute;jeuner. Retour chez l&rsquo;habitant pour faire la cuisine avec la famille. D&eacute;jeuner.<\\/p>\\r\\n<p>Apr&egrave;s- midi&nbsp;: petite randonn&eacute;e &agrave; v&eacute;lo&nbsp;: cimeti&egrave;re, village de la porcelaine et de la c&eacute;ramique&nbsp; de Chu Dau&nbsp; connu d&egrave;s le XV<sup>e<\\/sup> si&egrave;cle qui exporte &agrave; l&rsquo;international. Aujourd&rsquo;hui, les arts du feu de Chu Dau renaissent gr&acirc;ce &agrave; la d&eacute;termination des descendants des c&eacute;ramistes qui veulent perp&eacute;tuer la tradition.<\\/p>\\r\\n<p>Retour &agrave; la Pagode Hop.&nbsp; Pr&eacute;paration des repas v&eacute;g&eacute;tariens avec les bonzes. Pr&eacute;sentation des diff&eacute;rentes religions du Vietnam. D&icirc;ner &agrave; la pagode. Nuit chez l&rsquo;habitant.<\\/p>\\r\\n<p>Possibilit&eacute; vous est offerte de vous faire confectionner des habits sur mesures.<\\/p>\\r\\n<p>Q&nbsp;: La location des v&eacute;los se fait avec les voisins des parents de Ha&nbsp;? Y a-t-il d&rsquo;autres p&ocirc;les d&rsquo;int&eacute;r&ecirc;ts &agrave; Nam Sach&nbsp;: vannerie, production d&rsquo;alcool de riz, rencontres avec des &eacute;tudiants&hellip;&nbsp;?<\\/p>\\r\\n<p>Oui, la location des velos se fait a Ns, pas de probleme, encore d&rsquo;autres poles d&rsquo;interets a Nam Sach actuels sont pas bc, ils ne se reunissent pas. Ils font en famille comme la production d&rsquo;alcool de riz, il fait l&rsquo;alcool pour profiter d&rsquo;elever des cochons (par exp&nbsp;: la famille de production de l&rsquo;alcool que tu as visite en 2011), encore vannerie, puis qu&rsquo;elle apporte pas assez de revenu par rapport le travail dans les entreprises de confection (il y a de plus en plus des entrerprises taiwanais, hongkonais a NS, t&rsquo;as vu )<\\/p>\\r\\n<p><strong>Jour 16. Vie quotidienne &agrave;&nbsp; Nam Sach<\\/strong><\\/p>\\r\\n<p>Matin&eacute;e&nbsp;: apr&egrave;s le petit-d&eacute;jeuner, visite d&rsquo;une fabrique familiale de vermicelles de riz. Vous pourrez mettre la main &agrave; la p&acirc;te et go&ucirc;ter vos produits. Selon la saison nous vous proposerons de planter du riz ou de le r&eacute;colter ou d&rsquo;aider les personnes &agrave; entretenir leur jardinet.<\\/p>\\r\\n<p>D&eacute;jeuner chez l&rsquo;habitant.<\\/p>\\r\\n<p>Apr&egrave;s -midi&nbsp;: Cours de la cuisine&nbsp;: faire des nems, des galettes &agrave; la vapeur, du porc au caramel.<\\/p>\\r\\n<p>16h30&nbsp;: Tournoi de Badminton.<\\/p>\\r\\n<p>19h30 Diner et soir&eacute;e avec la population locale, les joueurs&hellip; Remise des r&eacute;compenses.<\\/p>\\r\\n<p><strong>Jour 17. Vie quotidienne &agrave; Nam Sach-Noi Bai a&eacute;roport-D&eacute;part.<\\/strong><\\/p>\\r\\n<p>Apr&egrave;s le petit-d&eacute;jeuner, bilan du s&eacute;jour. Puis, une s&eacute;ance de massage vous sera&nbsp; propos&eacute;e par des aveugles pour mieux pr&eacute;parer votre voyage retour.<\\/p>\\r\\n<p>D&eacute;jeuner chez l&rsquo;habitant. Pr&eacute;paratifs pour le d&eacute;part. D&icirc;ner. D&eacute;part pour l&rsquo;a&eacute;roport vers 19h30.<\\/p>\\r\\n<p>Bon voyage&nbsp;! Bon retour dans votre pays&hellip; A bient&ocirc;t&nbsp;!<\\/p>","extra":"<p><strong>Bao G\\u1ed3m:<\\/strong><br \\/>- Xe &ocirc; t&ocirc; \\u0111i\\u1ec1u h&ograve;a \\u0111\\u1eddi m\\u1edbi, hi\\u1ec7n \\u0111\\u1ea1i.<br \\/>- H\\u01b0\\u1edbng d\\u1eabn vi&ecirc;n n&oacute;i ti\\u1ebfng Anh, ti\\u1ebfng Vi\\u1ec7t.<br \\/>- V&eacute; tham quan 01 l\\u1ea7n c\\u1eeda 1.<br \\/>- \\u0102n tr\\u01b0a. 100.000VND (V\\u1edbi tour deluxe)<br \\/>- 01 chai n\\u01b0\\u1edbc su\\u1ed1i.<\\/p>\\r\\n<p><strong>Kh&ocirc;ng bao g\\u1ed3m:<\\/strong><br \\/>- \\u0102n u\\u1ed1ng ngo&agrave;i ch\\u01b0\\u01a1ng tr&igrave;nh,<br \\/>- Chi ph&iacute; c&aacute; nh&acirc;n v&agrave; c&aacute;c d\\u1ecbch v\\u1ee5 vui ch\\u01a1i gi\\u1ea3i tr&iacute; kh&aacute;c.<br \\/>- Thu\\u1ebf v&agrave; c&aacute;c lo\\u1ea1i ph&iacute;.<\\/p>"}', 1, 1387443066),
(5, 'vi', 1, 'Hanoi-Mai chau-Moc Chau-Son la-Dien Bien- Lai chau-Sapa-Depart', 'H Ni', 'hanoi-mai-chau-moc-chau-son-la-dien-bien--lai-chau-sapa-depart', 5, 36, 0, 0, 0, 0, 0, '{"old_price":"","tmp_image_ids":"","meta_title":"Hanoi-Mai chau-Moc Chau-Son la-Dien Bien- Lai chau-Sapa-Depart","meta_keyword":"Hanoi-Mai chau-Moc Chau-Son la-Dien Bien- Lai chau-Sapa-Depart","meta_description":"Hanoi-Mai chau-Moc Chau-Son la-Dien Bien- Lai chau-Sapa-Depart","introduction":"<p>Arriv&eacute;e&nbsp; Noi Bai a&eacute;roport&nbsp; de&nbsp; Hanoi.&nbsp; Formalit&eacute;s d&rsquo;entr&eacute;e au Vietnam, r&eacute;cup&eacute;ration des bagages puis accueil &agrave; la sortie&nbsp; par&nbsp; votre&nbsp; guide&nbsp; francophone. Transfert&nbsp; &agrave; votre h&ocirc;tel au centre-ville.<\\/p>\\r\\n<p>Si vous arrivez le matin : En attendant la mise &agrave; disposition&nbsp; de votre chambre,&nbsp; nous vous proposerons une petite collation puis une&nbsp; s&eacute;ance&nbsp; de&nbsp; massage&nbsp; aux&nbsp; herbes&nbsp; m&eacute;dicinales.&nbsp; Le&nbsp; massage&nbsp; vous&nbsp; permettra&nbsp; de vous relaxer, d&rsquo;effacer en partie les fatigues apr&egrave;s un long vol de plusieurs heures et de commencer votre s&eacute;jour en pleine forme.<\\/p>\\r\\n<p>&nbsp;<\\/p>","description":"<p><strong>Jour 1<\\/strong>. Arriv&eacute;e a&eacute;roport Noi Bai-Hanoi<\\/p>\\r\\n<p>Arriv&eacute;e&nbsp; Noi Bai a&eacute;roport&nbsp; de&nbsp; Hanoi.&nbsp; Formalit&eacute;s d&rsquo;entr&eacute;e au Vietnam, r&eacute;cup&eacute;ration des bagages puis accueil &agrave; la sortie&nbsp; par&nbsp; votre&nbsp; guide&nbsp; francophone. Transfert&nbsp; &agrave; votre h&ocirc;tel au centre-ville.<\\/p>\\r\\n<p>Si vous arrivez le matin : En attendant la mise &agrave; disposition&nbsp; de votre chambre,&nbsp; nous vous proposerons une petite collation puis une&nbsp; s&eacute;ance&nbsp; de&nbsp; massage&nbsp; aux&nbsp; herbes&nbsp; m&eacute;dicinales.&nbsp; Le&nbsp; massage&nbsp; vous&nbsp; permettra&nbsp; de vous relaxer, d&rsquo;effacer en partie les fatigues apr&egrave;s un long vol de plusieurs heures et de commencer votre s&eacute;jour en pleine forme.<\\/p>\\r\\n<p>Apr&egrave;s le d&eacute;jeuner&nbsp;&agrave; l&rsquo;h&ocirc;tel : temps libre jusqu&rsquo;&agrave; 15h. Puis nous vous proposerons une petite balade au lac Hoan Kiem.&nbsp; Visite&nbsp; du&nbsp; Temple de la Montagne de Jade,&nbsp; situ&eacute;&nbsp; sur&nbsp; les rives du lac.<\\/p>\\r\\n<p>D&icirc;ner et nuit &agrave; l&rsquo;h&ocirc;tel.<\\/p>\\r\\n<p><strong>Jour 2. Visite de Hanoi<\\/strong><\\/p>\\r\\n<p>R&eacute;veil matinal &agrave; 6h pour vous permettre d&rsquo;assister et de faire si vous le d&eacute;sirez du Tai-chi avec la population de la capitale. Petit d&eacute;jeuner local dans la rue.<\\/p>\\r\\n<p>A 8h15&nbsp;: le mini bus vous emm&egrave;nera pour la visite du mus&eacute;e d&rsquo;Ethnographie qui vous pr&eacute;sente les costumes, les us et coutumes des 54 ethnies qui peuplent le Vietnam. Apr&egrave;s, ce serait le Temple&nbsp; de&nbsp; la&nbsp; Litt&eacute;rature,&nbsp; premi&egrave;re&nbsp; universit&eacute; nationale&nbsp; &agrave;&nbsp; l&rsquo;architecture&nbsp; originale&nbsp; construite&nbsp; au&nbsp; XI&egrave;me si&egrave;cle et d&eacute;di&eacute; d&eacute;sormais au culte de Confucius et des Lettr&eacute;s. Ce Temple est devenu aujourd&rsquo;hui le symbole de Hanoi et de la Culture vietnamienne.<\\/p>\\r\\n<p>D&eacute;jeuner propos&eacute; par le guide.<\\/p>\\r\\n<p>L&rsquo;apr&egrave;s-midi&nbsp;: le guide vous accompagne visiter &nbsp;l&rsquo;ancien Palais du gouverneur de l&rsquo;Indochine (Palais Pr&eacute;sidentiel actuel), la&nbsp; Pagode au Pilier unique, la&nbsp; maison sur pilotis d&rsquo;Ho Chi Minh, le fondateur du Vietnam moderne, son Mausol&eacute;e,:<\\/p>\\r\\n<p>En fin d&rsquo;apr&egrave;s-midi, nous vous proposerons un tour en cyclo-pousse qui vous permettra de d&eacute;couvrir l&rsquo;activit&eacute; grouillante des vieux quartiers et la vie quotidienne des habitants de la capitale du Vietnam.<\\/p>\\r\\n<p>&nbsp;La&nbsp; soir&eacute;e sera consacr&eacute;e &agrave; un spectacle de Marionnettes sur l&rsquo;eau, art folklorique et traditionnel de la population du Delta du Fleuve Rouge.<\\/p>\\r\\n<p>D&icirc;ner et nuit &agrave; l&rsquo;h&ocirc;tel.<\\/p>\\r\\n<p><strong>Jour 3. Hanoi-Mai Chau<\\/strong><\\/p>\\r\\n<p>Apr&egrave;s le petit-d&eacute;jeuner, &nbsp;accueil a l&rsquo;h&ocirc;tel pour Mai Chau&nbsp; par une belle route de montagne. (140km, environ de 4h de route). Au cours de route, pr&eacute;voir quelques arr&ecirc;ts pour prendre de belles photos sur le paysage superbe du Grand nord Vietnam. Arriv&eacute;e au village Van&nbsp; habit&eacute; par des Tha&iuml; Blancs qui est l''ethnie repr&eacute;sentative de la r&eacute;gion, et rencontre et d&eacute;jeuner avec la famille d&rsquo;accueil bien chaleureux.<\\/p>\\r\\n<p>Apres une petite pause, vous ferez une &nbsp;promenade dans le village ethnique a Mai Chau, une des belles vall&eacute;es du Nord Vietnam ou habitent les ethnies minoritaires Tha&iuml; avec leurs maisons en bois sur pilotis qui sont abord&eacute;es par des rizi&egrave;res verdures, des petits &eacute;tangs.<\\/p>\\r\\n<p>D&eacute;couverte de la vie quotidienne et traditionnelles des Tha&iuml;. Vous pourrez apprendre &agrave; tisser la soie avec un vieux m&eacute;tier &agrave; tisser, vous participerez aux activit&eacute;s de production agricole de la famille&nbsp; comme : la pr&eacute;paration des terres avec un buffle pour les p&eacute;pini&egrave;res, le repiquage du riz, la r&eacute;colte du ma&iuml;s ou du riz, la plantation des l&eacute;gumes selon la saison<\\/p>\\r\\n<p>Si le temps nous le permet, vous ferez ensuite une excursion &agrave; v&eacute;lo vers le village Nhot. Vous pourrez observer de beaux paysages de rizi&egrave;res entour&eacute;es de montagnes. Arr&ecirc;ts en cours de route pour rencontrer les habitants locaux, visiter leurs maisons ainsi qu&rsquo;un four &agrave; briques.<\\/p>\\r\\n<p>D&icirc;ner et Nuit chez l''habitant dans une maison sur pilotis dans le village Van, un spectacle de danse et chant traditionnels avec d&eacute;gustation du vin au chalumeau &agrave; base de riz gluant ferment&eacute;e animera votre soir&eacute;e<\\/p>\\r\\n<p>&nbsp;Jour 4 Mai Chau &ndash; Moc chau &ndash; Son La (pr&eacute;voir de marcher environ 2-3h si le temps nous permet)<\\/p>\\r\\n<p>&nbsp;<\\/p>\\r\\n<p>Au revoir une belle vall&eacute;e de Mai Chau apr&egrave;s le petit d&eacute;jeuner pr&eacute;par&eacute; par la famille d&rsquo;accueil, le bus nous emm&egrave;ne jusqu&rsquo;au petit chemin de terre, nous commen&ccedil;ons une balade, nous traversons des champs de ma&iuml;s et des rizi&egrave;res en terrasse. La route serpente entre les montagnes, les jardins potagers qui sont toujours tr&egrave;s verts et les maisons traditionnelles des Tha&iuml; noirs, Muong, Hmong&hellip;<\\/p>\\r\\n<p>&nbsp;<\\/p>\\r\\n<p>Vers Midi, notre voiture grimpe jusqu&rsquo;au plateau de Moc Chau, une r&eacute;gion&nbsp; tr&egrave;s connue par les plantations de th&eacute;, son climat temp&eacute;r&eacute; et son &eacute;levage des vaches laiti&egrave;res. Arr&ecirc;t dans un restaurant routier pour go&ucirc;ter une sp&eacute;cialit&eacute; locale: du veau frit. Nous sommes tomb&eacute;s dans la capitale des Tha&iuml; noirs avec des rizi&egrave;res en terrasse, des maisons traditionnelles en bois d&rsquo;iroko, des for&ecirc;ts de teck...Nous continuons &agrave; faire une jolie promenade dans le village de Chieng Hat o&ugrave; habitent les Tha&iuml; noirs depuis des si&egrave;cles. Ils cultivent du riz inond&eacute;, et des autres plantes vivri&egrave;res: ma&iuml;s, haricots, soja, patates, manioc...Arriv&eacute;e &agrave; Son La en fin de la journ&eacute;e. Nuit &agrave; l&rsquo;h&ocirc;tel.<\\/p>\\r\\n<p>&nbsp;<\\/p>\\r\\n<p>Jour 5 Son La &ndash; Dien Bien (pr&eacute;voir de marcher environ de 3h si le temps nous permet)<\\/p>\\r\\n<p>&nbsp;<\\/p>\\r\\n<p>D&eacute;part de Son La de bonne heure. Arr&ecirc;t au village de Chieng Den, au milieu d&rsquo;une vall&eacute;e tr&egrave;s paisible, pour&nbsp; voir la culture du caf&eacute; et des h&eacute;v&eacute;as. Puis promenade dans les autres villages Tha&iuml; comme: Thom, Pa, Mom. Nous vivons vraiment dans la culture Tha&iuml;, rencontrons des filles Tha&iuml; en costumes traditionnels avec des motifs tr&egrave;s color&eacute;s et int&eacute;ressants.&nbsp; En voiture, on monte au col de Pha Din, une vue panoramique fascinant sur le paysage grandiose et magnifique. &nbsp;Arriv&eacute;e &agrave; Dien Bien Phu dans l&rsquo;apr&egrave;s-midi. Nuit &agrave; l&rsquo;h&ocirc;tel.<\\/p>\\r\\n<p>&nbsp;<\\/p>\\r\\n<p>Jour 6 Dien Bien Phu &ndash; Lai Chau (pr&eacute;voir de marcher environ de 2h)<\\/p>\\r\\n<p>&nbsp;<\\/p>\\r\\n<p>Apres le petit d&eacute;jeuner, d&eacute;couverte Dien Bien Phu, la derni&egrave;re base du Pouvoir fran&ccedil;ais en Indochine. Nous mettons 2h &agrave; visiter des monuments, le mus&eacute;e, les reliques de guerre et les bunkers pr&eacute;serv&eacute;s, visiter de la colline Eliane 2, le PC GONO (Poste de Commandement du Groupement Op&eacute;rationnel Nord &ndash; Ouest), tout est l&agrave; pour raconter l&rsquo;histoire de la derni&egrave;re et victorieuse bataille de la Lib&eacute;ration de&nbsp;1954.<\\/p>\\r\\n<p>&nbsp;<\\/p>\\r\\n<p>Apr&egrave;s-midi&nbsp;: Un transfert en v&eacute;hicule pour Lai Chau borde la Chine et longe la rivi&egrave;re Nam Na, un affluent important de la Rivi&egrave;re Noire. La route est assez longue, nous mettons environ de 5h30 en voiture. Arriv&eacute;e a Lai Chau vers la fin de l&rsquo;apr&egrave;s-midi. Temps libre en soir&eacute;e pour gouter a la vie nocturne de cette lointaine cite montagnarde.<\\/p>\\r\\n<p>Nuit &agrave; l&rsquo;h&ocirc;tel a Lai Chau.<\\/p>\\r\\n<p>&nbsp;<\\/p>\\r\\n<p>Jour 6&nbsp;: Lai Chau &ndash; Sapa<\\/p>\\r\\n<p>&nbsp;<\\/p>\\r\\n<p>Apres le petit d&eacute;jeuner, D&eacute;couverte de Lai Chau, visite d&rsquo;un tr&egrave;s joli village des ethnies Laos. Les femmes Laos portent de jolies cotonnades et nous accueillent chaleureusement&nbsp;: leurs dents laqu&eacute;es de noir, donnent un sourire particulier. Les personnes de Laos ici se baignent encore toutes nues dans les ruisseaux en &eacute;t&eacute;. Pour aller au village des ethnies Laos, il faut passer par un pont suspendu, puis un champs de rizi&egrave;re magnifique. D&eacute;couverte des m&oelig;urs, des coutumes et plusieurs contacts avec les gens locaux.<\\/p>\\r\\n<p>Apres&nbsp;la visite du village authentique, transfert a Sapa (env. 2h de route), la route grimpe jusqu&rsquo;au col le plus haut du Vietnam (2047m). Arr&ecirc;t au col pour profiter de la fraicheur et voir le Mont Fanxipan (3143m) appel&eacute; le toit de l&rsquo;Indochine. Arriv&eacute;e a Sapa, petit balade pour visiter la ville.<\\/p>\\r\\n<p>Diner et nuit a l&rsquo;h&ocirc;tel<\\/p>\\r\\n<p>&nbsp;<\\/p>\\r\\n<p>Jour 7 Sapa<\\/p>\\r\\n<p>&nbsp;<\\/p>\\r\\n<p>Apres le petit d&eacute;jeuner, visite p&eacute;destre du vieux village de Cat Cat habit&eacute; par des Hmong noirs. Vous d&eacute;couvrirez leurs coutumes et pourrez &eacute;changer et faire des photos. En outre, cette r&eacute;gion montagneuse vous propose : des paysages magnifiques, une multitude d&rsquo;ethnies et une incroyable richesse de couleurs. Amateurs de photos &agrave; vos appareils !<\\/p>\\r\\n<p>&nbsp;<\\/p>\\r\\n<p>Dans l&rsquo;apr&egrave;s-midi, la visite de Ham Rong vous permettra d&rsquo;avoir une splendide vue panoramique de Sapa.<\\/p>\\r\\n<p>D&icirc;ner et nuit &agrave; l&rsquo;h&ocirc;tel<\\/p>\\r\\n<p>&nbsp;<\\/p>\\r\\n<p>Jour 8. Sapa (&agrave; v&eacute;lo ou &agrave; pied)<\\/p>\\r\\n<p>&nbsp;<\\/p>\\r\\n<p>Q : Peut- on faire du v&eacute;lo &agrave; Sa Pa ? N&rsquo;est ce pas trop pentue ?<\\/p>\\r\\n<p>&nbsp;<\\/p>\\r\\n<p>Pr&eacute;voir un sac &agrave; dos avec vos affaires de toilette et votre sac de couchage en soie.<\\/p>\\r\\n<p>Randonn&eacute;e &agrave; v&eacute;lo dans les villages de Lao Chai et Ta Van habit&eacute;s par des Giay, des Hmong et des<\\/p>\\r\\n<p>Dao Rouges. Les paysages travers&eacute;s sont d&rsquo;une rare beaut&eacute;. Vous traverserez des rizi&egrave;res en terrasse et<\\/p>\\r\\n<p>assisterez &agrave; la vie quotidienne des villageois et des enfants.<\\/p>\\r\\n<p>&nbsp;<\\/p>\\r\\n<p>D&eacute;jeuner au village de Su Pa.<\\/p>\\r\\n<p>&nbsp;<\\/p>\\r\\n<p>Dans l&rsquo;apr&egrave;s-midi, &agrave; v&eacute;lo, visite de Ta Phin o&ugrave; les maisons sont entour&eacute;es par des rizi&egrave;res en terrasses<\\/p>\\r\\n<p>et de superbes chaines de montagnes.<\\/p>\\r\\n<p>&nbsp;<\\/p>\\r\\n<p>Retour, d&icirc;ner et nuit&eacute;e &agrave; Ta Van avec une famille Giay. Autour du feu vous pourrez &eacute;changer avec la<\\/p>\\r\\n<p>famille.<\\/p>\\r\\n<p>&nbsp;<\\/p>\\r\\n<p>Jour 9&nbsp;: Sapa- Marche hebdomadaire &ndash; train pour Hanoi<\\/p>\\r\\n<p>&nbsp;<\\/p>\\r\\n<p>Apres le petit d&eacute;jeuner&nbsp;: visite d&rsquo;un marche hebdomadaire des ethnies minoritaires, en fonction de votre date, vous pourrez visiter l&rsquo;un des marches&nbsp;: marche du dimanche de Bac Ha, du samedi de Can Cau, du jeudi de Lung Khau Nhin, du&nbsp;mercredi de Cao Son ou du mardi de Coc Ly. Ce sont des grands marches colores et animes dans la r&eacute;gion montagneuse du Nord. On y trouve tout&nbsp;: des buffles, des porc, des chevaux, des poulets, des chiens, du tabac, des piments, du vin de riz ou de manioc, des legumes, des plantes medicinales, des tissus&hellip;..Bref, tous les produits viennent des champs et des menages.<\\/p>\\r\\n<p>&nbsp;<\\/p>\\r\\n<p>Apres- midi, transfert a la gare Lao Cai pour prendre le train de nuit vers Hanoi.<\\/p>\\r\\n<p>&nbsp;<\\/p>\\r\\n<p>Nuit a bord du train.<\\/p>\\r\\n<p>&nbsp;<\\/p>\\r\\n<p>Jour&nbsp;10&nbsp;: Hanoi &ndash; Depart<\\/p>\\r\\n<p>&nbsp;<\\/p>","extra":"<p>Ng&agrave;y kh\\u1edfi h&agrave;nh v&agrave; gi&aacute; \\u0111ang \\u0111\\u01b0\\u1ee3c c&acirc;p nh\\u1eadt<\\/p>"}', 1, 1388641603);

-- --------------------------------------------------------

--
-- Table structure for table `tbl_product_image`
--

CREATE TABLE IF NOT EXISTS `tbl_product_image` (
  `id` int(11) NOT NULL AUTO_INCREMENT,
  `product_id` int(11) NOT NULL,
  `image_id` int(11) NOT NULL,
  `type` tinyint(4) NOT NULL,
  PRIMARY KEY (`id`)
) ENGINE=InnoDB  DEFAULT CHARSET=utf8 AUTO_INCREMENT=4 ;

--
-- Dumping data for table `tbl_product_image`
--

INSERT INTO `tbl_product_image` (`id`, `product_id`, `image_id`, `type`) VALUES
(1, 3, 18, 0),
(2, 3, 19, 0),
(3, 3, 20, 0);

-- --------------------------------------------------------

--
-- Table structure for table `tbl_qa`
--

CREATE TABLE IF NOT EXISTS `tbl_qa` (
  `id` int(11) NOT NULL AUTO_INCREMENT,
  `language` char(8) NOT NULL,
  `status` tinyint(1) NOT NULL,
  `title` varchar(256) NOT NULL,
  `email` varchar(50) NOT NULL,
  `name` varchar(50) NOT NULL,
  `phone` varchar(256) NOT NULL,
  `address` varchar(256) NOT NULL,
  `alias` varchar(256) NOT NULL,
  `cat_id` int(11) NOT NULL,
  `product_id` int(11) unsigned NOT NULL,
  `user_id` int(11) unsigned NOT NULL,
  `introimage_id` int(11) NOT NULL,
  `order_view` int(11) NOT NULL,
  `question` varchar(10000) NOT NULL,
  `content` varchar(256) NOT NULL,
  `meta_title` varchar(256) NOT NULL,
  `meta_keyword` varchar(256) NOT NULL,
  `meta_description` varchar(256) NOT NULL,
  `new` tinyint(1) NOT NULL,
  `home` tinyint(1) NOT NULL,
  `other` text NOT NULL,
  `visits` int(11) NOT NULL,
  `created_by` int(11) NOT NULL,
  `created_time` int(11) NOT NULL,
  `Date` varchar(256) NOT NULL,
  PRIMARY KEY (`id`)
) ENGINE=InnoDB DEFAULT CHARSET=utf8 AUTO_INCREMENT=1 ;

-- --------------------------------------------------------

--
-- Table structure for table `tbl_qa_answer`
--

CREATE TABLE IF NOT EXISTS `tbl_qa_answer` (
  `id` int(11) NOT NULL AUTO_INCREMENT,
  `language` varchar(2) NOT NULL,
  `qa_id` int(11) DEFAULT NULL,
  `created_time` int(11) DEFAULT NULL,
  `created_by` decimal(18,0) DEFAULT NULL,
  `UserName` varchar(50) DEFAULT NULL,
  `Phone` varchar(20) DEFAULT NULL,
  `content` text,
  `order_view` int(10) unsigned NOT NULL,
  `Mark` int(11) DEFAULT NULL,
  `status` tinyint(1) DEFAULT NULL,
  PRIMARY KEY (`id`)
) ENGINE=InnoDB DEFAULT CHARSET=utf8 AUTO_INCREMENT=1 ;

-- --------------------------------------------------------

--
-- Table structure for table `tbl_recruitment`
--

CREATE TABLE IF NOT EXISTS `tbl_recruitment` (
  `id` int(11) NOT NULL AUTO_INCREMENT,
  `language` char(8) NOT NULL,
  `status` tinyint(1) NOT NULL,
  `title` varchar(256) NOT NULL,
  `cat_id` int(11) NOT NULL,
  `introimage_id` int(11) NOT NULL,
  `order_view` int(11) NOT NULL,
  `new` tinyint(1) NOT NULL,
  `home` tinyint(1) NOT NULL,
  `other` text NOT NULL,
  `visits` int(11) NOT NULL,
  `created_by` int(11) NOT NULL,
  `created_time` int(11) NOT NULL,
  PRIMARY KEY (`id`)
) ENGINE=InnoDB DEFAULT CHARSET=utf8 AUTO_INCREMENT=1 ;

-- --------------------------------------------------------

--
-- Table structure for table `tbl_seller`
--

CREATE TABLE IF NOT EXISTS `tbl_seller` (
  `id` int(11) NOT NULL AUTO_INCREMENT,
  `language` char(8) NOT NULL,
  `status` tinyint(1) NOT NULL,
  `title` varchar(256) NOT NULL,
  `cat_id` int(11) NOT NULL,
  `introimage_id` int(11) NOT NULL,
  `order_view` int(11) NOT NULL,
  `new` tinyint(1) NOT NULL,
  `home` tinyint(1) NOT NULL,
  `other` text NOT NULL,
  `visits` int(11) NOT NULL,
  `created_by` int(11) NOT NULL,
  `created_time` int(11) NOT NULL,
  PRIMARY KEY (`id`)
) ENGINE=InnoDB DEFAULT CHARSET=utf8 AUTO_INCREMENT=1 ;

-- --------------------------------------------------------

--
-- Table structure for table `tbl_setting`
--

CREATE TABLE IF NOT EXISTS `tbl_setting` (
  `id` int(11) NOT NULL AUTO_INCREMENT,
  `language` char(8) COLLATE utf8_unicode_ci NOT NULL,
  `name` varchar(64) COLLATE utf8_unicode_ci NOT NULL,
  `value` varchar(512) COLLATE utf8_unicode_ci NOT NULL,
  `category` varchar(32) COLLATE utf8_unicode_ci NOT NULL,
  `description` varchar(512) COLLATE utf8_unicode_ci NOT NULL,
  PRIMARY KEY (`id`)
) ENGINE=InnoDB  DEFAULT CHARSET=utf8 COLLATE=utf8_unicode_ci AUTO_INCREMENT=190 ;

--
-- Dumping data for table `tbl_setting`
--

INSERT INTO `tbl_setting` (`id`, `language`, `name`, `value`, `category`, `description`) VALUES
(1, 'vi', 'TYPE_OF_WEB', '1', 'ADMIN', 'Loi website phc v vic hin th Help'),
(2, 'en', 'TYPE_OF_WEB', '1', 'ADMIN', 'Loi website phc v vic hin th Help'),
(3, 'vi', 'TITLE_DEFAULT', 'Du lch Aven Thu Ha', 'SEO', ''),
(4, 'en', 'TITLE_DEFAULT', 'Du lch Aven Thu Ha', 'SEO', ''),
(5, 'vi', 'DESCRIPTION_DEFAULT', 'Du lch Aven Thu Ha', 'SEO', ''),
(6, 'en', 'DESCRIPTION_DEFAULT', 'Du lch Aven Thu Ha', 'SEO', ''),
(7, 'vi', 'KEYWORD_DEFAULT', 'Du lch Aven Thu Ha', 'SEO', ''),
(8, 'en', 'KEYWORD_DEFAULT', 'Du lch Aven Thu Ha', 'SEO', ''),
(9, 'vi', 'Copyright', 'Copyright  2013. Aventhuhavietnam.com All Rights Reserved', 'INFORMATION', ''),
(10, 'en', 'Copyright', 'Copyright  2013. Aventhuhavietnam.com All Rights Reserved', 'INFORMATION', ''),
(11, 'vi', 'GOOGLE_WEB_ID', 'UA-41253093-1', 'SEO', ''),
(12, 'en', 'GOOGLE_WEB_ID', 'UA-41253093-1', 'SEO', ''),
(13, 'vi', 'PHONE', '(+84-4) 354 09411', 'INFORMATION', 'S in thoi lin h trc tip vi cng ty'),
(14, 'en', 'PHONE', '(+84-4) 354 09411', 'INFORMATION', 'S in thoi lin h trc tip vi cng ty'),
(15, 'vi', 'Email', 'info@aventhuhavietnam.com', 'INFORMATION', 'email ca nh t vn'),
(16, 'en', 'Email', 'info@aventhuhavietnam.com', 'INFORMATION', 'email ca nh t vn'),
(17, 'vi', 'META_TITLE_HOME', 'Du lch Aven Thu Ha', 'SEO', 'Trang ch'),
(18, 'en', 'META_TITLE_HOME', 'Du lch Aven Thu Ha', 'SEO', 'Trang ch'),
(19, 'vi', 'META_KEYWORD_HOME', 'Du lch Aven Thu Ha', 'SEO', 'Trang ch'),
(20, 'en', 'META_KEYWORD_HOME', 'Du lch Aven Thu Ha', 'SEO', 'Trang ch'),
(21, 'vi', 'META_DESCRIPTION_HOME', 'Du lch Aven Thu Ha', 'SEO', 'Trang ch'),
(22, 'en', 'META_DESCRIPTION_HOME', 'Du lch Aven Thu Ha', 'SEO', 'Trang ch'),
(23, 'vi', 'META_TITLE_SEARCH', 'Ket qua tim kiem', 'SEO', 'Ket qua tim kiem'),
(24, 'en', 'META_TITLE_SEARCH', 'Ket qua tim kiem', 'SEO', 'Ket qua tim kiem'),
(25, 'vi', 'META_KEYWORD_SEARCH', 'Ket qua tim kiem', 'SEO', 'Ket qua tim kiem'),
(26, 'en', 'META_KEYWORD_SEARCH', 'Ket qua tim kiem', 'SEO', 'Ket qua tim kiem'),
(27, 'vi', 'META_DESCRIPTION_SEARCH', 'Ket qua tim kiem', 'SEO', 'Ket qua tim kiem'),
(28, 'en', 'META_DESCRIPTION_SEARCH', 'Ket qua tim kiem', 'SEO', 'Ket qua tim kiem'),
(29, 'vi', 'MOBILE_PHONE', '0962064170', 'INFORMATION', ''),
(30, 'en', 'MOBILE_PHONE', '0962064170', 'INFORMATION', ''),
(31, 'vi', 'FACEBOOK_PAGE', 'https://www.facebook.com/#', 'INFORMATION', ''),
(32, 'en', 'FACEBOOK_PAGE', 'https://www.facebook.com/woodplasticcomposites', 'INFORMATION', ''),
(33, 'vi', 'WEBSITE', 'aventhuhavietnam.com', 'INFORMATION', ''),
(34, 'en', 'WEBSITE', 'aventhuhavietnam.com', 'INFORMATION', ''),
(35, 'vi', 'CONTACT', '136 C3, Dai Kim-Dinh Cong, Ard.Hoang Mai, Hanoi, Vietnam', 'INFORMATION', ''),
(36, 'en', 'CONTACT', '136 C3, Dai Kim-Dinh Cong, Ard.Hoang Mai, Hanoi, Vietnam', 'INFORMATION', ''),
(37, 'vi', 'INFO', 'AvenThuHa Vietnam', 'INFORMATION', ''),
(38, 'en', 'INFO', 'AvenThuHa Vietnam', 'INFORMATION', ''),
(39, 'vi', 'ADDRESS_GOOGLE_MAPS', '<iframe width="293" height="167" frameborder="0" scrolling="no" marginheight="0" marginwidth="0" src="https://maps.google.com/maps?f=q&amp;source=s_q&amp;hl=en&amp;geocode=&amp;q=thai+thinh+ha+noi+viet+nam&amp;aq=&amp;sll=37.0625,-95.677068&amp;sspn=39.916234,82.265625&amp;ie=UTF8&amp;hq=thai+thinh&amp;hnear=Hoan+Kiem+District,+Hanoi,+Vietnam&amp;t=m&amp;fll=21.011385,105.820076&amp;fspn=0.011518,0.020084&amp;st=107658235038825379151&amp;rq=1&amp;ev=zi&amp;split=1&amp;ll=21.017494,105.835547&amp;spn=0.00669', 'INFORMATION', '<iframe width="293" height="167" frameborder="0" scrolling="no" marginheight="0" marginwidth="0" src="https://maps.google.com/maps?f=q&amp;source=s_q&amp;hl=en&amp;geocode=&amp;q=thai+thinh+ha+noi+viet+nam&amp;aq=&amp;sll=37.0625,-95.677068&amp;sspn=39.916234,82.265625&amp;ie=UTF8&amp;hq=thai+thinh&amp;hnear=Hoan+Kiem+District,+Hanoi,+Vietnam&amp;t=m&amp;fll=21.011385,105.820076&amp;fspn=0.011518,0.020084&amp;st=107658235038825379151&amp;rq=1&amp;ev=zi&amp;split=1&amp;ll=21.017494,105.835547&amp;spn=0.00669'),
(40, 'en', 'ADDRESS_GOOGLE_MAPS', '<iframe width="293" height="167" frameborder="0" scrolling="no" marginheight="0" marginwidth="0" src="https://maps.google.com/maps?f=q&amp;source=s_q&amp;hl=en&amp;geocode=&amp;q=thai+thinh+ha+noi+viet+nam&amp;aq=&amp;sll=37.0625,-95.677068&amp;sspn=39.916234,82.265625&amp;ie=UTF8&amp;hq=thai+thinh&amp;hnear=Hoan+Kiem+District,+Hanoi,+Vietnam&amp;t=m&amp;fll=21.011385,105.820076&amp;fspn=0.011518,0.020084&amp;st=107658235038825379151&amp;rq=1&amp;ev=zi&amp;split=1&amp;ll=21.017494,105.835547&amp;spn=0.00669', 'INFORMATION', '<iframe width="293" height="167" frameborder="0" scrolling="no" marginheight="0" marginwidth="0" src="https://maps.google.com/maps?f=q&amp;source=s_q&amp;hl=en&amp;geocode=&amp;q=thai+thinh+ha+noi+viet+nam&amp;aq=&amp;sll=37.0625,-95.677068&amp;sspn=39.916234,82.265625&amp;ie=UTF8&amp;hq=thai+thinh&amp;hnear=Hoan+Kiem+District,+Hanoi,+Vietnam&amp;t=m&amp;fll=21.011385,105.820076&amp;fspn=0.011518,0.020084&amp;st=107658235038825379151&amp;rq=1&amp;ev=zi&amp;split=1&amp;ll=21.017494,105.835547&amp;spn=0.00669'),
(41, 'vi', 'META_TITLE_RECRUITMENT', 'Trang tuyn dng', 'SEO', ''),
(42, 'en', 'META_TITLE_RECRUITMENT', 'Trang tuyn dng', 'SEO', ''),
(43, 'vi', 'META_KEYWORD_RECRUITMENT', 'Trang tuyn dng', 'SEO', ''),
(44, 'en', 'META_KEYWORD_RECRUITMENT', 'Trang tuyn dng', 'SEO', ''),
(45, 'vi', 'META_DESCRIPTION_RECRUITMENT', 'Trang tuyn dng', 'SEO', ''),
(46, 'en', 'META_DESCRIPTION_RECRUITMENT', 'Trang tuyn dng', 'SEO', ''),
(47, 'vi', 'META_TITLE_QA', 'Trang hi p', 'SEO', ''),
(48, 'en', 'META_TITLE_QA', 'Trang hi p', 'SEO', ''),
(49, 'vi', 'META_KEYWORD_QA', 'Trang hi p', 'SEO', ''),
(50, 'en', 'META_KEYWORD_QA', 'Trang hi p', 'SEO', ''),
(51, 'vi', 'META_DESCRIPTION_QA', 'Trang hi p', 'SEO', ''),
(52, 'en', 'META_DESCRIPTION_QA', 'Trang hi p', 'SEO', ''),
(53, 'vi', 'META_TITLE_PRODUCT', 'Trang sn phm', 'SEO', ''),
(54, 'en', 'META_TITLE_PRODUCT', 'Trang sn phm', 'SEO', ''),
(55, 'vi', 'META_KEYWORD_PRODUCT', 'Trang sn phm', 'SEO', ''),
(56, 'en', 'META_KEYWORD_PRODUCT', 'Trang sn phm', 'SEO', ''),
(57, 'vi', 'META_DESCRIPTION_PRODUCT', 'Trang sn phm', 'SEO', ''),
(58, 'en', 'META_DESCRIPTION_PRODUCT', 'Trang sn phm', 'SEO', ''),
(59, 'vi', 'META_TITLE_SEACH_SHOP', 'Trang tm kim ca hng', 'SEO', ''),
(60, 'en', 'META_TITLE_SEACH_SHOP', 'Trang tm kim ca hng', 'SEO', ''),
(61, 'vi', 'META_KEYWORD_SEACH_SHOP', 'Trang tm kim ca hng', 'SEO', ''),
(62, 'en', 'META_KEYWORD_SEACH_SHOP', 'Trang tm kim ca hng', 'SEO', ''),
(63, 'vi', 'META_DESCRIPTON_SEACH_SHOP', 'Trang tm kim ca hng', 'SEO', ''),
(64, 'en', 'META_DESCRIPTON_SEACH_SHOP', 'Trang tm kim ca hng', 'SEO', ''),
(65, 'vi', 'META_TITLE_NEWS', 'Trang tin tc', 'SEO', ''),
(66, 'en', 'META_TITLE_NEWS', 'Trang tin tc', 'SEO', ''),
(67, 'vi', 'META_KEYWORD_NEWS', 'Trang tin tc', 'SEO', ''),
(68, 'en', 'META_KEYWORD_NEWS', 'Trang tin tc', 'SEO', ''),
(69, 'vi', 'META_DESCRIPTION_NEWS', 'Trang tin tc', 'SEO', ''),
(70, 'en', 'META_DESCRIPTION_NEWS', 'Trang tin tc', 'SEO', ''),
(71, 'vi', 'META_TITLE_SEARCH_SHOP', 'Trang tm kim ca hng', 'SEO', ''),
(72, 'en', 'META_TITLE_SEARCH_SHOP', 'Trang tm kim ca hng', 'SEO', ''),
(73, 'vi', 'META_KEYWORD_SEARCH_SHOP', 'Trang tm kim ca hng', 'SEO', ''),
(74, 'en', 'META_KEYWORD_SEARCH_SHOP', 'Trang tm kim ca hng', 'SEO', ''),
(75, 'vi', 'META_DESCRIPTION_SEARCH_SHOP', 'Trang tm kim ca hng', 'SEO', ''),
(76, 'en', 'META_DESCRIPTION_SEARCH_SHOP', 'Trang tm kim ca hng', 'SEO', ''),
(77, 'vi', 'META_TITLE_CONTACT', 'CNG TY TNHH M PHM SPAPHAR', 'SEO', ''),
(78, 'en', 'META_TITLE_CONTACT', 'Dc phm  u | Asia Euro Pharmaceutical', 'SEO', ''),
(79, 'vi', 'META_KEYWORD_CONTACT', 'CNG TY TNHH M PHM SPAPHAR', 'SEO', ''),
(80, 'en', 'META_KEYWORD_CONTACT', 'Dc phm  u | Asia Euro Pharmaceutical', 'SEO', ''),
(81, 'vi', 'META_DESCRIPTION_CONTACT', 'CNG TY TNHH M PHM SPAPHAR', 'SEO', ''),
(82, 'en', 'META_DESCRIPTION_CONTACT', 'Lin h dc phm  u | Asia Euro Pharmaceutical', 'SEO', ''),
(83, 'vi', 'ADDRESS', '136 C3, Dai Kim-Dinh Cong, Ard.Hoang Mai, Hanoi, Vietnam', 'INFORMATION', ''),
(84, 'en', 'ADDRESS', '136 C3, Dai Kim-Dinh Cong, Ard.Hoang Mai, Hanoi, Vietnam', 'INFORMATION', ''),
(85, 'vi', 'SUPPORT_PHONE_SALE', '046 3 290 555', 'INFORMATION', ''),
(86, 'en', 'SUPPORT_PHONE_SALE', '046 3 290 555', 'INFORMATION', ''),
(87, 'vi', 'SUPPORT_PHONE_TECH', '046 3 291 555', 'INFORMATION', ''),
(88, 'en', 'SUPPORT_PHONE_TECH', '046 3 291 555', 'INFORMATION', ''),
(89, 'vi', 'META_TITLE_SHARE', 'CNG TY TNHH M PHM SPAPHAR', 'SEO', ''),
(90, 'en', 'META_TITLE_SHARE', 'Dc phm  u | Asia Euro Pharmaceutical', 'SEO', ''),
(91, 'vi', 'META_KEYWORD_SHARE', 'CNG TY TNHH M PHM SPAPHAR', 'SEO', ''),
(92, 'en', 'META_KEYWORD_SHARE', 'Dc phm  u | Asia Euro Pharmaceutical', 'SEO', ''),
(93, 'vi', 'META_DESCRIPTION_SHARE', 'CNG TY TNHH M PHM SPAPHAR', 'SEO', ''),
(94, 'en', 'META_DESCRIPTION_SHARE', 'Dc phm  u | Asia Euro Pharmaceutical', 'SEO', ''),
(95, 'vi', 'TWITTER_PAGE', '#twitter', 'INFORMATION', ''),
(96, 'en', 'TWITTER_PAGE', '#twitter', 'INFORMATION', ''),
(97, 'vi', 'GOOGLEPLUS_PAGE', '#googleplus', 'INFORMATION', ''),
(98, 'en', 'GOOGLEPLUS_PAGE', '#googleplus', 'INFORMATION', ''),
(99, 'vi', 'RSS_PAGE', '#rss', 'INFORMATION', ''),
(100, 'en', 'RSS_PAGE', '#rss', 'INFORMATION', ''),
(101, 'vi', 'SUPPORT_SKYPE_TECH', 'ihbvietnam', 'INFORMATION', ''),
(102, 'en', 'SUPPORT_SKYPE_TECH', 'ihbvietnam', 'INFORMATION', ''),
(103, 'vi', 'SUPPORT_SKYPE_SALE', 'ihbvietnam', 'INFORMATION', ''),
(104, 'en', 'SUPPORT_SKYPE_SALE', 'ihbvietnam', 'INFORMATION', ''),
(105, 'vi', 'SUPPORT_YAHOO_TECH', 'ihbvietnam', 'INFORMATION', ''),
(106, 'en', 'SUPPORT_YAHOO_TECH', 'ihbvietnam', 'INFORMATION', ''),
(107, 'vi', 'SUPPORT_YAHOO_SALE', 'ihbvietnam', 'INFORMATION', ''),
(108, 'en', 'SUPPORT_YAHOO_SALE', 'ihbvietnam', 'INFORMATION', ''),
(109, 'vi', 'HOTLINE_PHONE', '0988 330 555', 'INFORMATION', ''),
(110, 'en', 'HOTLINE_PHONE', '0988 330 555', 'INFORMATION', ''),
(119, 'vi', 'FAX', '(+84-4) 354 09412', 'INFORMATION', ''),
(120, 'en', 'FAX', '(+84-4) 354 09412', 'INFORMATION', ''),
(129, 'vi', 'META_TITLE_INTRO', 'Danh sch cc bi gii thiu', 'SEO', ''),
(130, 'en', 'META_TITLE_INTRO', 'Danh sch cc bi gii thiu', 'SEO', ''),
(131, 'vi', 'META_KEYWORD_INTRO', 'Danh sch cc bi gii thiu', 'SEO', ''),
(132, 'en', 'META_KEYWORD_INTRO', 'Danh sch cc bi gii thiu', 'SEO', ''),
(133, 'vi', 'META_DESCRIPTION_INTRO', 'CNG TY TNHH M PHM SPAPHAR', 'SEO', ''),
(134, 'en', 'META_DESCRIPTION_INTRO', 'Dc phm  u | Asia Euro Pharmaceutical', 'SEO', ''),
(150, 'vi', 'META_DESCRIPTION_SUPPORTER', 'Ban c vn', 'SEO', ''),
(151, 'en', 'META_DESCRIPTION_SUPPORTER', 'Ban c vn', 'SEO', ''),
(152, 'vi', 'META_TITLE_ADVISOR', 'Ban c vn', 'SEO', ''),
(153, 'en', 'META_TITLE_ADVISOR', 'Ban c vn', 'SEO', ''),
(154, 'vi', 'META_KEYWORD_ADVISOR', 'Ban c vn', 'SEO', ''),
(155, 'en', 'META_KEYWORD_ADVISOR', 'Ban c vn', 'SEO', ''),
(156, 'vi', 'META_DESCRIPTION_ADVISOR', 'Ban c vn', 'SEO', ''),
(157, 'en', 'META_DESCRIPTION_ADVISOR', 'Ban c vn', 'SEO', ''),
(158, 'vi', 'META_TITLE_SUPPORTER', 'T vn sc khe online', 'SEO', ''),
(159, 'en', 'META_TITLE_SUPPORTER', 'T vn sc khe online', 'SEO', ''),
(160, 'vi', 'META_KEYWORD_SUPPORTER', 'T vn sc khe online', 'SEO', ''),
(161, 'en', 'META_KEYWORD_SUPPORTER', 'T vn sc khe online', 'SEO', ''),
(162, 'vi', 'HELP_SHOPPING', '811', 'INFORMATION', 'ID ca bi vit hng dn mua hng online'),
(163, 'en', 'HELP_SHOPPING', '811', 'INFORMATION', 'ID ca bi vit hng dn mua hng online'),
(164, 'vi', 'HELP_CHECKOUT', '812', 'INFORMATION', 'Hng dn thanh ton khi mua hng'),
(165, 'en', 'HELP_CHECKOUT', '812', 'INFORMATION', 'Hng dn thanh ton khi mua hng'),
(166, 'vi', 'LINKEDIN_PAGE', '#linkedin', 'INFORMATION', ''),
(168, 'vi', 'META_TITLE_PARTNER', 'Trang danh sch i tc', 'SEO', 'Trang danh sch i tc'),
(169, 'en', 'META_TITLE_PARTNER', 'Trang danh sch i tc', 'SEO', 'Trang danh sch i tc'),
(170, 'vi', 'META_KEYWORD_PARTNER', 'Trang danh sch partner', 'SEO', 'Trang danh sch partner'),
(171, 'en', 'META_KEYWORD_PARTNER', 'Trang danh sch partner', 'SEO', 'Trang danh sch partner'),
(172, 'vi', 'META_DESCRIPTION_PARTNER', 'Trang danh sch partner', 'SEO', 'Trang danh sch partner'),
(173, 'en', 'META_DESCRIPTION_PARTNER', 'Trang danh sch partner', 'SEO', 'Trang danh sch partner'),
(174, 'vi', 'META_TITLE_BOOKING', 'Trang t tour theo yu cu', 'SEO', 'Qun tr meta trang booking'),
(175, 'en', 'META_TITLE_BOOKING', 'Trang t tour theo yu cu', 'SEO', 'Qun tr meta trang booking'),
(176, 'vi', 'META_KEYWORD_BOOKING', 'Trang t tour theo yu cu', 'SEO', 'Trang t tour theo yu cu'),
(177, 'en', 'META_KEYWORD_BOOKING', 'Trang t tour theo yu cu', 'SEO', 'Trang t tour theo yu cu'),
(178, 'vi', 'META_DESCRIPTION_BOOKING', 'Trang t tour theo yu cu', 'SEO', 'Trang t tour theo yu cu'),
(179, 'en', 'META_DESCRIPTION_BOOKING', 'Trang t tour theo yu cu', 'SEO', 'Trang t tour theo yu cu'),
(180, 'vi', 'META_TITLE_SUGGEST_TOUR', 'Trang gi  tour', 'SEO', 'Trang gi  tour'),
(181, 'en', 'META_TITLE_SUGGEST_TOUR', 'Trang gi  tour', 'SEO', 'Trang gi  tour'),
(182, 'vi', 'META_KEYWORD_SUGGEST_TOUR', 'Trang gi  tour', 'SEO', 'Trang gi  tour'),
(183, 'en', 'META_KEYWORD_SUGGEST_TOUR', 'Trang gi  tour', 'SEO', 'Trang gi  tour'),
(184, 'vi', 'META_DESCRIPTION_SUGGEST_TOUR', 'Trang gi  tour', 'SEO', 'Trang gi  tour'),
(185, 'en', 'META_DESCRIPTION_SUGGEST_TOUR', 'Trang gi  tour', 'SEO', 'Trang gi  tour'),
(186, 'vi', 'BUSINESS_REGISTRATION', 'Immatriculation Voyage de VNAT: 01-612/2013/TCDL-GP LHQT', 'INFORMATION', ''),
(187, 'en', 'BUSINESS_REGISTRATION', 'Immatriculation Voyage de VNAT: 01-612/2013/TCDL-GP LHQT', 'INFORMATION', ''),
(188, 'vi', 'WORKING_TIME', 'lundi - vendredi: 9h30 - 18h00 - samedi : 9h30 -12h', 'INFORMATION', 'Daily Working time'),
(189, 'en', 'WORKING_TIME', 'lundi - vendredi: 9h30 - 18h00 - samedi : 9h30 -12h', 'INFORMATION', 'Daily Working time');

-- --------------------------------------------------------

--
-- Table structure for table `tbl_share`
--

CREATE TABLE IF NOT EXISTS `tbl_share` (
  `id` int(11) NOT NULL AUTO_INCREMENT,
  `language` char(8) NOT NULL,
  `status` tinyint(1) NOT NULL,
  `title` varchar(256) NOT NULL,
  `cat_id` int(11) NOT NULL,
  `introimage_id` int(11) NOT NULL,
  `order_view` int(11) NOT NULL,
  `new` tinyint(1) NOT NULL,
  `home` tinyint(1) NOT NULL,
  `other` text NOT NULL,
  `visits` int(11) NOT NULL,
  `created_by` int(11) NOT NULL,
  `created_time` int(11) NOT NULL,
  PRIMARY KEY (`id`)
) ENGINE=InnoDB DEFAULT CHARSET=utf8 AUTO_INCREMENT=1 ;

-- --------------------------------------------------------

--
-- Table structure for table `tbl_store`
--

CREATE TABLE IF NOT EXISTS `tbl_store` (
  `id` int(11) NOT NULL AUTO_INCREMENT,
  `language` char(8) NOT NULL,
  `status` tinyint(1) NOT NULL,
  `name` varchar(256) NOT NULL,
  `city_id` int(11) NOT NULL,
  `introimage_id` int(11) NOT NULL,
  `order_view` int(11) NOT NULL,
  `new` tinyint(1) NOT NULL,
  `home` tinyint(1) NOT NULL,
  `other` text NOT NULL,
  `visits` int(11) NOT NULL,
  `created_by` int(11) NOT NULL,
  `created_time` int(11) NOT NULL,
  PRIMARY KEY (`id`)
) ENGINE=InnoDB DEFAULT CHARSET=utf8 AUTO_INCREMENT=1 ;

-- --------------------------------------------------------

--
-- Table structure for table `tbl_store_product`
--

CREATE TABLE IF NOT EXISTS `tbl_store_product` (
  `id` int(11) NOT NULL AUTO_INCREMENT,
  `product_id` int(11) NOT NULL,
  `store_id` int(11) NOT NULL,
  PRIMARY KEY (`id`)
) ENGINE=InnoDB DEFAULT CHARSET=utf8 AUTO_INCREMENT=1 ;

-- --------------------------------------------------------

--
-- Table structure for table `tbl_suggest_advisor`
--

CREATE TABLE IF NOT EXISTS `tbl_suggest_advisor` (
  `id` int(11) NOT NULL AUTO_INCREMENT,
  `advisor_id` int(11) NOT NULL,
  `to_advisor_id` int(11) NOT NULL,
  PRIMARY KEY (`id`)
) ENGINE=InnoDB DEFAULT CHARSET=utf8 AUTO_INCREMENT=1 ;

-- --------------------------------------------------------

--
-- Table structure for table `tbl_suggest_album`
--

CREATE TABLE IF NOT EXISTS `tbl_suggest_album` (
  `id` int(11) NOT NULL AUTO_INCREMENT,
  `album_id` int(11) NOT NULL,
  `to_album_id` int(11) NOT NULL,
  PRIMARY KEY (`id`)
) ENGINE=InnoDB DEFAULT CHARSET=utf8 AUTO_INCREMENT=1 ;

-- --------------------------------------------------------

--
-- Table structure for table `tbl_suggest_audio`
--

CREATE TABLE IF NOT EXISTS `tbl_suggest_audio` (
  `id` int(11) NOT NULL AUTO_INCREMENT,
  `audio_id` int(11) NOT NULL,
  `to_audio_id` int(11) NOT NULL,
  PRIMARY KEY (`id`)
) ENGINE=InnoDB DEFAULT CHARSET=utf8 AUTO_INCREMENT=1 ;

-- --------------------------------------------------------

--
-- Table structure for table `tbl_suggest_booking`
--

CREATE TABLE IF NOT EXISTS `tbl_suggest_booking` (
  `id` int(11) NOT NULL AUTO_INCREMENT,
  `booking_id` int(11) NOT NULL,
  `to_booking_id` int(11) NOT NULL,
  PRIMARY KEY (`id`)
) ENGINE=InnoDB DEFAULT CHARSET=utf8 AUTO_INCREMENT=1 ;

-- --------------------------------------------------------

--
-- Table structure for table `tbl_suggest_document`
--

CREATE TABLE IF NOT EXISTS `tbl_suggest_document` (
  `id` int(11) NOT NULL AUTO_INCREMENT,
  `document_id` int(11) NOT NULL,
  `to_document_id` int(11) NOT NULL,
  PRIMARY KEY (`id`)
) ENGINE=InnoDB DEFAULT CHARSET=utf8 AUTO_INCREMENT=1 ;

-- --------------------------------------------------------

--
-- Table structure for table `tbl_suggest_embedded_video`
--

CREATE TABLE IF NOT EXISTS `tbl_suggest_embedded_video` (
  `id` int(11) NOT NULL AUTO_INCREMENT,
  `embeddedVideo_id` int(11) NOT NULL,
  `to_embeddedVideo_id` int(11) NOT NULL,
  PRIMARY KEY (`id`),
  KEY `id` (`id`)
) ENGINE=InnoDB DEFAULT CHARSET=utf8 AUTO_INCREMENT=1 ;

-- --------------------------------------------------------

--
-- Table structure for table `tbl_suggest_healthnews`
--

CREATE TABLE IF NOT EXISTS `tbl_suggest_healthnews` (
  `id` int(11) NOT NULL AUTO_INCREMENT,
  `healthNews_id` int(11) NOT NULL,
  `to_healthNews_id` int(11) NOT NULL,
  PRIMARY KEY (`id`)
) ENGINE=InnoDB DEFAULT CHARSET=utf8 AUTO_INCREMENT=1 ;

-- --------------------------------------------------------

--
-- Table structure for table `tbl_suggest_intro`
--

CREATE TABLE IF NOT EXISTS `tbl_suggest_intro` (
  `id` int(11) NOT NULL AUTO_INCREMENT,
  `intro_id` int(11) NOT NULL,
  `to_intro_id` int(11) NOT NULL,
  PRIMARY KEY (`id`)
) ENGINE=InnoDB DEFAULT CHARSET=utf8 AUTO_INCREMENT=1 ;

-- --------------------------------------------------------

--
-- Table structure for table `tbl_suggest_introVideo`
--

CREATE TABLE IF NOT EXISTS `tbl_suggest_introVideo` (
  `id` int(11) NOT NULL AUTO_INCREMENT,
  `intro_id` int(11) NOT NULL,
  `to_video_id` int(11) NOT NULL,
  PRIMARY KEY (`id`)
) ENGINE=InnoDB DEFAULT CHARSET=utf8 AUTO_INCREMENT=1 ;

-- --------------------------------------------------------

--
-- Table structure for table `tbl_suggest_news`
--

CREATE TABLE IF NOT EXISTS `tbl_suggest_news` (
  `id` int(11) NOT NULL AUTO_INCREMENT,
  `news_id` int(11) NOT NULL,
  `to_news_id` int(11) NOT NULL,
  PRIMARY KEY (`id`)
) ENGINE=InnoDB DEFAULT CHARSET=utf8 AUTO_INCREMENT=1 ;

-- --------------------------------------------------------

--
-- Table structure for table `tbl_suggest_partner`
--

CREATE TABLE IF NOT EXISTS `tbl_suggest_partner` (
  `id` int(11) NOT NULL AUTO_INCREMENT,
  `partner_id` int(11) NOT NULL,
  `to_partner_id` int(11) NOT NULL,
  PRIMARY KEY (`id`)
) ENGINE=InnoDB DEFAULT CHARSET=utf8 AUTO_INCREMENT=1 ;

-- --------------------------------------------------------

--
-- Table structure for table `tbl_suggest_product`
--

CREATE TABLE IF NOT EXISTS `tbl_suggest_product` (
  `id` int(11) NOT NULL AUTO_INCREMENT,
  `product_id` int(11) NOT NULL,
  `to_product_id` int(11) NOT NULL,
  PRIMARY KEY (`id`)
) ENGINE=InnoDB DEFAULT CHARSET=utf8 AUTO_INCREMENT=1 ;

-- --------------------------------------------------------

--
-- Table structure for table `tbl_suggest_productVideo`
--

CREATE TABLE IF NOT EXISTS `tbl_suggest_productVideo` (
  `id` int(11) NOT NULL AUTO_INCREMENT,
  `product_id` int(11) NOT NULL,
  `to_video_id` int(11) NOT NULL,
  PRIMARY KEY (`id`)
) ENGINE=InnoDB DEFAULT CHARSET=utf8 AUTO_INCREMENT=1 ;

-- --------------------------------------------------------

--
-- Table structure for table `tbl_suggest_product_news`
--

CREATE TABLE IF NOT EXISTS `tbl_suggest_product_news` (
  `id` int(11) NOT NULL AUTO_INCREMENT,
  `product_id` int(11) NOT NULL,
  `to_news_id` int(11) NOT NULL,
  PRIMARY KEY (`id`)
) ENGINE=InnoDB DEFAULT CHARSET=utf8 AUTO_INCREMENT=1 ;

-- --------------------------------------------------------

--
-- Table structure for table `tbl_suggest_qa`
--

CREATE TABLE IF NOT EXISTS `tbl_suggest_qa` (
  `id` int(11) NOT NULL AUTO_INCREMENT,
  `qa_id` int(11) NOT NULL,
  `to_qa_id` int(11) NOT NULL,
  PRIMARY KEY (`id`)
) ENGINE=InnoDB DEFAULT CHARSET=utf8 AUTO_INCREMENT=1 ;

-- --------------------------------------------------------

--
-- Table structure for table `tbl_suggest_recruitment`
--

CREATE TABLE IF NOT EXISTS `tbl_suggest_recruitment` (
  `id` int(11) NOT NULL AUTO_INCREMENT,
  `recruitment_id` int(11) NOT NULL,
  `to_recruitment_id` int(11) NOT NULL,
  PRIMARY KEY (`id`)
) ENGINE=InnoDB DEFAULT CHARSET=utf8 AUTO_INCREMENT=1 ;

-- --------------------------------------------------------

--
-- Table structure for table `tbl_suggest_seller`
--

CREATE TABLE IF NOT EXISTS `tbl_suggest_seller` (
  `id` int(11) NOT NULL AUTO_INCREMENT,
  `seller_id` int(11) NOT NULL,
  `to_seller_id` int(11) NOT NULL,
  PRIMARY KEY (`id`)
) ENGINE=InnoDB DEFAULT CHARSET=utf8 AUTO_INCREMENT=1 ;

-- --------------------------------------------------------

--
-- Table structure for table `tbl_suggest_share`
--

CREATE TABLE IF NOT EXISTS `tbl_suggest_share` (
  `id` int(11) NOT NULL AUTO_INCREMENT,
  `share_id` int(11) NOT NULL,
  `to_share_id` int(11) NOT NULL,
  PRIMARY KEY (`id`)
) ENGINE=InnoDB DEFAULT CHARSET=utf8 AUTO_INCREMENT=1 ;

-- --------------------------------------------------------

--
-- Table structure for table `tbl_suggest_store`
--

CREATE TABLE IF NOT EXISTS `tbl_suggest_store` (
  `id` int(11) NOT NULL AUTO_INCREMENT,
  `store_id` int(11) NOT NULL,
  `to_store_id` int(11) NOT NULL,
  PRIMARY KEY (`id`)
) ENGINE=InnoDB DEFAULT CHARSET=utf8 AUTO_INCREMENT=1 ;

-- --------------------------------------------------------

--
-- Table structure for table `tbl_suggest_textlink`
--

CREATE TABLE IF NOT EXISTS `tbl_suggest_textlink` (
  `id` int(11) NOT NULL AUTO_INCREMENT,
  `textlink_id` int(11) NOT NULL,
  `to_textlink_id` int(11) NOT NULL,
  PRIMARY KEY (`id`)
) ENGINE=InnoDB DEFAULT CHARSET=utf8 AUTO_INCREMENT=1 ;

-- --------------------------------------------------------

--
-- Table structure for table `tbl_suggest_video`
--

CREATE TABLE IF NOT EXISTS `tbl_suggest_video` (
  `id` int(11) NOT NULL AUTO_INCREMENT,
  `video_id` int(11) NOT NULL,
  `to_video_id` int(11) NOT NULL,
  PRIMARY KEY (`id`)
) ENGINE=InnoDB DEFAULT CHARSET=utf8 AUTO_INCREMENT=1 ;

-- --------------------------------------------------------

--
-- Table structure for table `tbl_supporter`
--

CREATE TABLE IF NOT EXISTS `tbl_supporter` (
  `id` int(11) NOT NULL AUTO_INCREMENT,
  `language` char(8) NOT NULL,
  `status` tinyint(1) NOT NULL DEFAULT '1',
  `name` varchar(256) NOT NULL,
  `order_view` int(11) NOT NULL DEFAULT '1',
  `other` varchar(1024) NOT NULL,
  `created_by` int(11) NOT NULL,
  `created_time` int(11) NOT NULL,
  PRIMARY KEY (`id`),
  KEY `language` (`language`)
) ENGINE=InnoDB DEFAULT CHARSET=utf8 AUTO_INCREMENT=1 ;

-- --------------------------------------------------------

--
-- Table structure for table `tbl_textlink`
--

CREATE TABLE IF NOT EXISTS `tbl_textlink` (
  `id` int(11) NOT NULL AUTO_INCREMENT,
  `language` char(8) NOT NULL,
  `status` tinyint(1) NOT NULL,
  `title` varchar(256) NOT NULL,
  `cat_id` int(11) NOT NULL,
  `introimage_id` int(11) NOT NULL,
  `order_view` int(11) NOT NULL,
  `new` tinyint(1) NOT NULL,
  `home` tinyint(1) NOT NULL,
  `other` text NOT NULL,
  `visits` int(11) NOT NULL,
  `created_by` int(11) NOT NULL,
  `created_time` int(11) NOT NULL,
  PRIMARY KEY (`id`)
) ENGINE=InnoDB DEFAULT CHARSET=utf8 AUTO_INCREMENT=1 ;

-- --------------------------------------------------------

--
-- Table structure for table `tbl_user`
--

CREATE TABLE IF NOT EXISTS `tbl_user` (
  `id` int(11) NOT NULL AUTO_INCREMENT,
  `password` varchar(128) CHARACTER SET utf8 COLLATE utf8_unicode_ci NOT NULL,
  `salt` varchar(128) CHARACTER SET utf8 COLLATE utf8_unicode_ci NOT NULL,
  `status` tinyint(4) NOT NULL DEFAULT '0',
  `email` varchar(128) CHARACTER SET utf8 COLLATE utf8_unicode_ci NOT NULL,
  `other` varchar(2048) CHARACTER SET utf8 COLLATE utf8_unicode_ci NOT NULL,
  `created_time` int(11) NOT NULL,
  `created_by` int(11) NOT NULL,
  `last_visit_date` int(11) NOT NULL,
  PRIMARY KEY (`id`),
  UNIQUE KEY `email` (`email`)
) ENGINE=InnoDB  DEFAULT CHARSET=utf8 AUTO_INCREMENT=2 ;

--
-- Dumping data for table `tbl_user`
--

INSERT INTO `tbl_user` (`id`, `password`, `salt`, `status`, `email`, `other`, `created_time`, `created_by`, `last_visit_date`) VALUES
(1, '93a46fb6c41ebd7dc6dcb79ef600d48a', '52cd07bcbbe9d1.55450098', 1, 'admin@khoemoingay.com', '{"phone":"04 6680 7626","address":"H\\u00e0 N\\u1ed9i","firstname":"IHB","lastname":"Vi\\u1ec7t Nam","register_date":1331006642,"last_visit_date":1331006642,"introimage":"173,174"}', 0, 0, 1389158994);

-- --------------------------------------------------------

--
-- Table structure for table `tbl_video`
--

CREATE TABLE IF NOT EXISTS `tbl_video` (
  `id` int(11) NOT NULL AUTO_INCREMENT,
  `language` char(8) NOT NULL DEFAULT 'vi',
  `status` tinyint(1) NOT NULL DEFAULT '1',
  `name` varchar(256) NOT NULL,
  `file_id` int(11) NOT NULL,
  `cat_id` int(11) NOT NULL,
  `introimage_id` int(11) unsigned NOT NULL,
  `order_view` int(11) NOT NULL DEFAULT '1',
  `home` int(11) NOT NULL DEFAULT '0',
  `new` int(11) NOT NULL DEFAULT '0',
  `other` varchar(1024) NOT NULL,
  `visits` int(11) NOT NULL DEFAULT '0',
  `created_by` int(11) NOT NULL,
  `created_time` int(11) NOT NULL,
  PRIMARY KEY (`id`),
  KEY `language` (`language`)
) ENGINE=InnoDB DEFAULT CHARSET=utf8 AUTO_INCREMENT=1 ;

/*!40101 SET CHARACTER_SET_CLIENT=@OLD_CHARACTER_SET_CLIENT */;
/*!40101 SET CHARACTER_SET_RESULTS=@OLD_CHARACTER_SET_RESULTS */;
/*!40101 SET COLLATION_CONNECTION=@OLD_COLLATION_CONNECTION */;
